date,year,month,day,1364 ｉシェアーズ JPX日経400 ETF,1369 One ETF 日経225,1385 UBS ETF ユーロ圏大型株50(E･ストックス50),1386 UBS ETF 欧州株(MSCIヨーロッパ),1389 UBS ETF 英国大型株100(FTSE 100),1390 UBS ETF MSCIアジア太平洋株(除く日本),1391 UBS ETF スイス株(MSCIスイス20/35),1392 UBS ETF 英国株(MSCI英国),1393 UBS ETF 米国株(MSCI米国),1394 UBS ETF 先進国株(MSCIワールド),1458 楽天 ETF-日経レバレッジ指数連動型,1459 楽天 ETF-日経ダブルインバース指数連動型,1473 One ETF トピックス,1474 One ETF JPX日経400,1475 iシェアーズ・コア TOPIX ETF,1476 iシェアーズ・コア Ｊリート ETF,1477 iシェアーズ MSCI 日本株最小分散 ETF,1478 iシェアーズ MSCI ジャパン高配当利回り ETF,1482 iシェアーズ・コア 米国債7-10年ETF(H有),1483 iシェアーズ JPX/S&P 設備･人材投資ETF,1484 One ETF JPX/S&P 設備･人材投資指数,1489 (NEXT FUNDS)日経平均高配当株50指数連動型ETF,1493 One ETF JPX日経中小型,1494 One ETF 高配当日本株,1496 iシェアーズ 米ドル建て投資適格社債ETF(H有),1497 iシェアーズ 米ドル建ハイイールド社債ETF(H有),1498 One ETF ESG,1552 国際のETF VIX短期先物指数,1557 SPDR S&P500 ETF,1575 ChinaAMC CSI 300 Index ETF-JDR,1576 南方 FTSE 中国A株 50 ETF,1577 (NEXT FUNDS)野村日本株高配当70連動型ETF,1655 iシェアーズ S&P500 米国株 ETF,1656 iシェアーズ･コア　米国債7-10年 ETF,1657 iシェアーズ･コア MSCI 先進国株(除く日本)ETF,1658 iシェアーズ･コア MSCI 新興国株 ETF,1659 iシェアーズ 米国リート ETF,2516 東証マザーズETF,2522 iシェアーズ オートメーション&ロボット ETF,2555 東証REIT ETF,サイバーエージェント：前日比,サイバーエージェント：翌日比
2020-12-24,2020,12,24,110.0,260.0,95.0,110.0,240.0,0.0,15.0,67.0,400.0,-140.0,260.0,-38.0,18.0,150.0,13.0,23.0,22.0,1.0,-2.0,35.0,21.0,-70.0,340.0,70.0,8.0,20.0,150.0,-560.0,200.0,-22.0,6.0,-10.0,20.0,2.0,25.0,11.0,22.0,33.0,65.0,18.0,210.0,-20.0
2020-12-22,2020,12,22,-200.0,-340.0,-60.0,-80.0,-40.0,45.0,-54.0,-19.0,-100.0,-50.0,-330.0,46.0,-32.0,-250.0,-30.0,6.0,-28.0,-19.0,-1.0,-40.0,-23.0,-330.0,-340.0,-310.0,-7.0,-14.0,-170.0,580.0,-400.0,-8.0,-9.0,-290.0,-29.0,-3.0,-18.0,-37.0,-16.0,-40.0,-35.0,0.0,-250.0,210.0
2020-12-21,2020,12,21,-80.0,-50.0,-60.0,-150.0,-270.0,20.0,-11.0,-66.0,-100.0,540.0,-100.0,7.0,-4.0,-30.0,-7.0,-15.0,-3.0,-5.0,0.0,17.0,-4.0,-60.0,-10.0,10.0,3.0,0.0,-20.0,40.0,100.0,-2.0,-11.0,-100.0,2.0,-1.0,-10.0,6.0,-41.0,-7.0,0.0,-7.0,50.0,-250.0
2020-12-18,2020,12,18,-10.0,-20.0,0.0,30.0,20.0,-110.0,0.0,5.0,100.0,310.0,-30.0,9.0,-1.0,-10.0,3.0,-8.0,-3.0,2.0,0.0,24.0,-9.0,110.0,-70.0,60.0,5.0,1.0,-50.0,30.0,-200.0,-3.0,16.0,60.0,4.0,4.0,3.0,-2.0,9.0,5.0,10.0,-8.0,-10.0,50.0
2020-12-17,2020,12,17,70.0,60.0,20.0,50.0,0.0,10.0,0.0,9.0,-100.0,90.0,70.0,-10.0,2.0,30.0,8.0,4.0,12.0,-8.0,-2.0,-20.0,17.0,-60.0,-100.0,-90.0,-5.0,2.0,0.0,-180.0,150.0,0.0,-20.0,-30.0,10.0,-6.0,16.0,6.0,19.0,28.0,20.0,3.0,150.0,-10.0
2020-12-16,2020,12,16,50.0,40.0,20.0,-10.0,180.0,0.0,10.0,20.0,50.0,120.0,70.0,-11.0,8.0,80.0,4.0,14.0,-3.0,4.0,-3.0,0.0,9.0,120.0,90.0,50.0,4.0,11.0,80.0,-350.0,200.0,23.0,4.0,40.0,15.0,-16.0,2.0,15.0,8.0,-18.0,10.0,6.0,30.0,150.0
2020-12-15,2020,12,15,-140.0,-20.0,-5.0,50.0,-140.0,-20.0,-31.0,-79.0,-300.0,280.0,-40.0,9.0,-10.0,-150.0,-10.0,-4.0,-10.0,-14.0,2.0,9.0,-19.0,-150.0,-30.0,-120.0,3.0,-9.0,-150.0,270.0,-150.0,-24.0,-5.0,-150.0,-18.0,5.0,-6.0,-12.0,-15.0,-14.0,20.0,9.0,-160.0,30.0
2020-12-14,2020,12,14,90.0,60.0,-30.0,-90.0,-220.0,60.0,-7.0,-6.0,0.0,-30.0,80.0,-15.0,9.0,120.0,11.0,8.0,5.0,9.0,3.0,-1.0,16.0,190.0,140.0,110.0,-3.0,0.0,120.0,110.0,150.0,47.0,27.0,200.0,11.0,-1.0,-1.0,-13.0,14.0,-2.0,5.0,8.0,-210.0,-160.0
2020-12-11,2020,12,11,40.0,-140.0,20.0,20.0,0.0,-10.0,5.0,14.0,-50.0,100.0,-140.0,18.0,6.0,30.0,5.0,14.0,12.0,1.0,-1.0,-1.0,13.0,-30.0,90.0,-30.0,15.0,7.0,-10.0,70.0,-300.0,-18.0,-9.0,-40.0,-17.0,-7.0,-11.0,15.0,-19.0,24.0,-5.0,6.0,240.0,-210.0
2020-12-10,2020,12,10,-50.0,10.0,-30.0,-20.0,0.0,-25.0,33.0,1.0,-100.0,-150.0,-40.0,6.0,-2.0,-40.0,-5.0,-6.0,-2.0,-2.0,5.0,-1.0,-7.0,20.0,-50.0,-50.0,-7.0,-5.0,-10.0,180.0,-300.0,-8.0,-14.0,-20.0,-23.0,11.0,-9.0,-23.0,-11.0,-7.0,-55.0,2.0,-110.0,240.0
2020-12-09,2020,12,9,140.0,300.0,40.0,150.0,140.0,105.0,8.0,-25.0,250.0,340.0,390.0,-54.0,21.0,180.0,24.0,0.0,4.0,20.0,-1.0,8.0,17.0,220.0,120.0,160.0,-9.0,3.0,130.0,-260.0,300.0,-1.0,1.0,140.0,24.0,0.0,12.0,24.0,0.0,-11.0,45.0,-14.0,-60.0,-110.0
2020-12-08,2020,12,8,10.0,-80.0,-5.0,20.0,-120.0,-115.0,18.0,36.0,200.0,140.0,-100.0,14.0,0.0,-40.0,-2.0,10.0,7.0,-8.0,3.0,0.0,2.0,-100.0,140.0,10.0,-1.0,-9.0,-40.0,20.0,-50.0,-6.0,1.0,-70.0,-6.0,4.0,5.0,1.0,-15.0,14.0,25.0,9.0,280.0,-60.0
2020-12-07,2020,12,7,-160.0,-210.0,40.0,-50.0,260.0,165.0,-21.0,35.0,0.0,-60.0,-250.0,32.0,-17.0,-140.0,-17.0,-10.0,-16.0,3.0,-7.0,1.0,-13.0,0.0,-190.0,-130.0,-12.0,9.0,-110.0,10.0,250.0,-8.0,11.0,-70.0,14.0,-5.0,2.0,-3.0,32.0,-46.0,10.0,-2.0,-70.0,280.0
2020-12-04,2020,12,4,-60.0,-40.0,-65.0,-110.0,-50.0,35.0,-59.0,-20.0,0.0,-320.0,-70.0,7.0,1.0,30.0,-1.0,11.0,-1.0,6.0,5.0,-6.0,4.0,70.0,-40.0,50.0,10.0,6.0,30.0,-20.0,-150.0,1.0,-6.0,90.0,-4.0,-6.0,5.0,19.0,13.0,-16.0,10.0,7.0,-170.0,-70.0
2020-12-03,2020,12,3,130.0,50.0,40.0,80.0,10.0,15.0,90.0,30.0,-150.0,520.0,50.0,-4.0,5.0,10.0,6.0,-3.0,2.0,8.0,-4.0,0.0,-12.0,210.0,10.0,110.0,-6.0,4.0,-10.0,-10.0,200.0,-18.0,10.0,120.0,11.0,-2.0,13.0,20.0,-2.0,-28.0,0.0,-3.0,-120.0,-170.0
2020-12-02,2020,12,2,-30.0,-60.0,25.0,-90.0,170.0,-20.0,2.0,1.0,250.0,-20.0,-10.0,2.0,3.0,10.0,1.0,-14.0,-5.0,20.0,-10.0,1.0,7.0,360.0,180.0,160.0,-11.0,6.0,110.0,120.0,-50.0,7.0,-4.0,150.0,-4.0,-14.0,0.0,3.0,1.0,4.0,-15.0,-15.0,0.0,-120.0
2020-12-01,2020,12,1,100.0,360.0,50.0,-10.0,-60.0,15.0,3.0,59.0,300.0,10.0,400.0,-55.0,18.0,150.0,19.0,19.0,-1.0,5.0,-2.0,3.0,5.0,180.0,170.0,170.0,7.0,2.0,60.0,-280.0,600.0,32.0,12.0,190.0,45.0,14.0,35.0,32.0,6.0,25.0,60.0,24.0,30.0,0.0
2020-11-30,2020,11,30,-240.0,-190.0,20.0,50.0,-30.0,-5.0,-3.0,-35.0,-250.0,640.0,-240.0,29.0,-38.0,-330.0,-38.0,-8.0,-29.0,-42.0,2.0,-1.0,-25.0,-830.0,-420.0,-480.0,9.0,1.0,-250.0,130.0,-200.0,-2.0,-7.0,-560.0,-16.0,0.0,-14.0,-34.0,-22.0,22.0,15.0,-6.0,220.0,30.0
2020-11-27,2020,11,27,80.0,120.0,-40.0,-30.0,-30.0,10.0,0.0,-10.0,-100.0,150.0,120.0,-16.0,9.0,100.0,10.0,17.0,2.0,-1.0,3.0,-2.0,25.0,-70.0,220.0,80.0,5.0,0.0,40.0,0.0,-150.0,7.0,0.0,80.0,-15.0,-8.0,-7.0,-4.0,-14.0,4.0,-15.0,7.0,180.0,220.0
2020-11-26,2020,11,26,210.0,270.0,0.0,-30.0,-90.0,20.0,25.0,-23.0,0.0,390.0,320.0,-44.0,14.0,120.0,12.0,-3.0,-1.0,-10.0,4.0,10.0,4.0,-20.0,110.0,-40.0,2.0,0.0,70.0,-270.0,0.0,0.0,14.0,-80.0,-1.0,0.0,3.0,16.0,1.0,1.0,25.0,8.0,230.0,180.0
2020-11-25,2020,11,25,-20.0,100.0,50.0,320.0,30.0,20.0,-12.0,3.0,450.0,1480.0,130.0,-19.0,1.0,50.0,4.0,-5.0,-5.0,10.0,-3.0,53.0,34.0,10.0,-170.0,40.0,-6.0,0.0,60.0,70.0,300.0,-17.0,-2.0,90.0,26.0,0.0,20.0,-6.0,1.0,-19.0,10.0,-10.0,-10.0,230.0
2020-11-24,2020,11,24,350.0,630.0,90.0,-20.0,160.0,0.0,21.0,60.0,400.0,-310.0,720.0,-115.0,37.0,380.0,38.0,6.0,35.0,28.0,-7.0,-13.0,3.0,430.0,340.0,240.0,-2.0,10.0,280.0,-250.0,600.0,1.0,-5.0,320.0,44.0,8.0,40.0,51.0,37.0,26.0,66.0,13.0,110.0,-10.0
2020-11-20,2020,11,20,0.0,-70.0,-5.0,0.0,20.0,80.0,18.0,4.0,250.0,-620.0,-80.0,14.0,1.0,-20.0,0.0,3.0,-9.0,0.0,5.0,2.0,7.0,-100.0,120.0,-10.0,15.0,0.0,50.0,0.0,50.0,-1.0,11.0,-50.0,-2.0,4.0,-3.0,5.0,-4.0,-5.0,32.0,6.0,-20.0,110.0
2020-11-19,2020,11,19,70.0,-150.0,-25.0,-230.0,-30.0,-15.0,-25.0,-54.0,-600.0,-1060.0,-150.0,23.0,6.0,70.0,7.0,-5.0,16.0,-1.0,-2.0,-2.0,-14.0,70.0,-50.0,20.0,7.0,-3.0,-20.0,40.0,-400.0,40.0,-3.0,50.0,-27.0,-7.0,-14.0,-23.0,-36.0,0.0,-23.0,-8.0,350.0,-20.0
2020-11-18,2020,11,18,-130.0,-260.0,0.0,-60.0,-140.0,-65.0,-31.0,-29.0,-300.0,-150.0,-320.0,45.0,-14.0,-130.0,-17.0,-2.0,-10.0,-18.0,10.0,1.0,-3.0,-260.0,-170.0,-220.0,12.0,8.0,-150.0,-120.0,-250.0,27.0,-4.0,-190.0,-19.0,-2.0,-18.0,3.0,-12.0,8.0,-45.0,-4.0,-10.0,350.0
2020-11-17,2020,11,17,40.0,120.0,-30.0,30.0,60.0,50.0,16.0,20.0,200.0,0.0,100.0,-16.0,2.0,40.0,3.0,-3.0,6.0,16.0,-3.0,0.0,34.0,380.0,-100.0,120.0,5.0,4.0,60.0,120.0,-200.0,-1.0,3.0,130.0,-9.0,-3.0,-6.0,-1.0,11.0,-34.0,20.0,-10.0,-100.0,-10.0
2020-11-16,2020,11,16,380.0,540.0,45.0,350.0,190.0,85.0,0.0,21.0,100.0,700.0,610.0,-100.0,30.0,270.0,29.0,-6.0,27.0,41.0,-3.0,0.0,-23.0,510.0,300.0,390.0,-1.0,9.0,240.0,-620.0,750.0,13.0,-8.0,490.0,54.0,-14.0,41.0,29.0,58.0,-10.0,60.0,-6.0,-80.0,-100.0
2020-11-13,2020,11,13,-260.0,-150.0,-110.0,-200.0,-370.0,-35.0,9.0,-26.0,0.0,-190.0,-180.0,24.0,-24.0,-200.0,-24.0,-18.0,-25.0,-30.0,9.0,24.0,-4.0,-440.0,-160.0,-270.0,14.0,-12.0,-110.0,300.0,-300.0,-9.0,23.0,-350.0,-21.0,6.0,-16.0,2.0,-28.0,19.0,-11.0,-10.0,70.0,-80.0
2020-11-12,2020,11,12,-20.0,160.0,85.0,200.0,440.0,45.0,-33.0,105.0,350.0,-510.0,200.0,-27.0,-3.0,-50.0,0.0,-9.0,-4.0,-13.0,11.0,9.0,24.0,-210.0,-130.0,-250.0,6.0,-1.0,-50.0,-20.0,100.0,-7.0,22.0,-170.0,1.0,11.0,2.0,-1.0,-8.0,10.0,30.0,-9.0,40.0,70.0
2020-11-11,2020,11,11,240.0,430.0,105.0,240.0,60.0,10.0,24.0,68.0,50.0,-30.0,490.0,-90.0,27.0,260.0,26.0,3.0,24.0,35.0,-10.0,36.0,18.0,530.0,200.0,310.0,-15.0,-2.0,240.0,-270.0,350.0,7.0,-2.0,300.0,25.0,-7.0,30.0,0.0,61.0,25.0,-18.0,7.0,130.0,40.0
2020-11-10,2020,11,10,120.0,60.0,145.0,120.0,370.0,115.0,28.0,71.0,200.0,0.0,50.0,-9.0,18.0,190.0,19.0,14.0,24.0,57.0,-20.0,25.0,25.0,940.0,0.0,400.0,-16.0,3.0,200.0,260.0,100.0,-15.0,4.0,710.0,8.0,18.0,15.0,4.0,72.0,-66.0,-61.0,6.0,-550.0,130.0
2020-11-09,2020,11,9,270.0,540.0,80.0,250.0,0.0,20.0,62.0,35.0,-200.0,0.0,570.0,-109.0,27.0,220.0,27.0,13.0,20.0,28.0,-5.0,11.0,9.0,200.0,90.0,120.0,-3.0,8.0,150.0,-880.0,750.0,0.0,-26.0,150.0,57.0,-10.0,46.0,46.0,2.0,17.0,119.0,16.0,240.0,-550.0
2020-11-06,2020,11,6,160.0,190.0,20.0,-210.0,50.0,0.0,-61.0,5.0,450.0,310.0,230.0,-43.0,4.0,80.0,9.0,-18.0,2.0,19.0,-5.0,48.0,24.0,170.0,50.0,170.0,-4.0,-1.0,110.0,120.0,-200.0,2.0,-1.0,140.0,-12.0,-23.0,2.0,-2.0,-28.0,-18.0,-2.0,6.0,-210.0,240.0
2020-11-05,2020,11,5,100.0,430.0,80.0,110.0,260.0,0.0,89.0,19.0,0.0,0.0,450.0,-95.0,28.0,240.0,19.0,30.0,26.0,-11.0,10.0,-15.0,27.0,-140.0,310.0,-60.0,33.0,15.0,130.0,-730.0,750.0,18.0,-3.0,-80.0,48.0,1.0,44.0,55.0,-39.0,32.0,57.0,19.0,40.0,-210.0
2020-11-04,2020,11,4,280.0,420.0,170.0,380.0,150.0,90.0,52.0,88.0,850.0,490.0,440.0,-101.0,19.0,200.0,24.0,27.0,15.0,15.0,10.0,9.0,30.0,140.0,70.0,190.0,28.0,39.0,190.0,-740.0,1200.0,9.0,-3.0,70.0,88.0,12.0,77.0,25.0,109.0,46.0,116.0,32.0,130.0,40.0
2020-11-02,2020,11,2,120.0,320.0,50.0,-40.0,-170.0,-10.0,10.0,-35.0,1100.0,620.0,300.0,-78.0,30.0,240.0,26.0,3.0,30.0,38.0,-9.0,0.0,-35.0,340.0,220.0,360.0,-9.0,9.0,210.0,-440.0,550.0,-3.0,2.0,430.0,38.0,4.0,30.0,19.0,28.0,-8.0,-11.0,-9.0,-160.0,130.0
2020-10-30,2020,10,30,-190.0,-330.0,-165.0,-290.0,40.0,-95.0,-51.0,-17.0,-700.0,-50.0,-310.0,72.0,-32.0,-270.0,-31.0,-22.0,-29.0,-24.0,-3.0,-48.0,3.0,-40.0,-390.0,-330.0,-13.0,-12.0,-220.0,430.0,-750.0,0.0,15.0,-330.0,-50.0,-13.0,-46.0,-32.0,-20.0,-34.0,-15.0,-10.0,110.0,-160.0
2020-10-29,2020,10,29,60.0,-130.0,-5.0,-10.0,-70.0,-150.0,-75.0,-52.0,-1250.0,20.0,-130.0,28.0,-4.0,-30.0,0.0,13.0,-7.0,0.0,-4.0,-7.0,-6.0,-40.0,-70.0,80.0,-6.0,-7.0,60.0,620.0,-600.0,0.0,0.0,-40.0,-46.0,4.0,-43.0,-23.0,-17.0,-2.0,-32.0,17.0,-230.0,110.0
2020-10-28,2020,10,28,-70.0,-30.0,-135.0,0.0,-110.0,-25.0,-7.0,-19.0,800.0,230.0,-50.0,13.0,-6.0,-40.0,-5.0,-16.0,1.0,-26.0,4.0,-2.0,-2.0,-490.0,-90.0,-300.0,9.0,-2.0,-100.0,250.0,-600.0,4.0,10.0,-350.0,-39.0,-11.0,-35.0,-2.0,-51.0,-6.0,-22.0,-24.0,150.0,-230.0
2020-10-27,2020,10,27,-70.0,-20.0,-30.0,-150.0,20.0,100.0,0.0,-3.0,500.0,80.0,-20.0,2.0,-1.0,0.0,-2.0,0.0,3.0,-12.0,3.0,-1.0,-11.0,-80.0,-10.0,-120.0,4.0,-8.0,-50.0,300.0,-250.0,0.0,1.0,-110.0,-21.0,3.0,-20.0,-5.0,-10.0,25.0,-38.0,7.0,80.0,150.0
2020-10-26,2020,10,26,-40.0,-80.0,-40.0,-20.0,-100.0,-20.0,4.0,-2.0,-1050.0,-650.0,-40.0,11.0,-6.0,-90.0,-7.0,-20.0,-3.0,4.0,5.0,-1.0,6.0,0.0,-130.0,-80.0,6.0,-9.0,-30.0,180.0,-150.0,0.0,-3.0,20.0,-9.0,9.0,-5.0,0.0,-3.0,-40.0,-13.0,-24.0,-130.0,80.0
2020-10-23,2020,10,23,50.0,100.0,-30.0,-20.0,-120.0,0.0,0.0,-6.0,-100.0,-380.0,40.0,-14.0,4.0,100.0,5.0,4.0,6.0,16.0,-6.0,10.0,-20.0,240.0,-10.0,130.0,-2.0,11.0,60.0,-170.0,400.0,-27.0,12.0,150.0,25.0,-6.0,19.0,-1.0,19.0,-7.0,30.0,6.0,-150.0,-130.0
2020-10-22,2020,10,22,-220.0,-170.0,-15.0,-160.0,60.0,20.0,-13.0,-36.0,-100.0,-750.0,-160.0,34.0,-17.0,-170.0,-19.0,1.0,-17.0,-9.0,3.0,-10.0,9.0,-140.0,-270.0,-130.0,2.0,-6.0,-120.0,-70.0,-650.0,-8.0,5.0,-140.0,-40.0,-14.0,-39.0,-17.0,-22.0,-45.0,-54.0,-1.0,-60.0,-150.0
2020-10-21,2020,10,21,150.0,90.0,-45.0,80.0,-10.0,-5.0,-23.0,19.0,-200.0,130.0,80.0,-16.0,15.0,90.0,13.0,-7.0,1.0,23.0,-11.0,-17.0,-13.0,90.0,100.0,260.0,-15.0,2.0,120.0,-60.0,100.0,3.0,10.0,260.0,2.0,-17.0,-17.0,16.0,3.0,-5.0,8.0,-3.0,-10.0,-60.0
2020-10-20,2020,10,20,-100.0,-110.0,60.0,10.0,40.0,-115.0,-4.0,1.0,200.0,-570.0,-120.0,25.0,-14.0,-100.0,-12.0,-15.0,-13.0,-13.0,0.0,27.0,18.0,-20.0,90.0,-150.0,-2.0,-7.0,-100.0,340.0,-450.0,-8.0,-8.0,-180.0,-35.0,2.0,-1.0,1.0,-20.0,6.0,-2.0,-19.0,160.0,-10.0
2020-10-19,2020,10,19,110.0,230.0,-5.0,-40.0,-10.0,100.0,-1.0,-27.0,250.0,320.0,260.0,-59.0,19.0,140.0,20.0,8.0,10.0,15.0,-7.0,6.0,-14.0,-70.0,220.0,170.0,-11.0,6.0,150.0,-70.0,100.0,18.0,16.0,190.0,13.0,-2.0,7.0,6.0,-18.0,-4.0,31.0,12.0,-90.0,160.0
2020-10-16,2020,10,16,-100.0,-80.0,10.0,40.0,-160.0,-10.0,-3.0,11.0,-500.0,290.0,-80.0,21.0,-13.0,-90.0,-13.0,-19.0,-8.0,-7.0,-2.0,0.0,-9.0,210.0,-110.0,0.0,3.0,-6.0,-80.0,70.0,50.0,-8.0,-7.0,-80.0,3.0,-2.0,2.0,-6.0,10.0,-2.0,-12.0,-25.0,0.0,-90.0
2020-10-15,2020,10,15,-90.0,-120.0,-105.0,-60.0,10.0,-70.0,5.0,-29.0,0.0,-100.0,-130.0,27.0,-11.0,-100.0,-11.0,-11.0,-13.0,-1.0,3.0,-29.0,-4.0,-60.0,-160.0,-50.0,2.0,-7.0,-40.0,0.0,-500.0,0.0,10.0,-130.0,-34.0,-2.0,-31.0,-14.0,-30.0,-25.0,-28.0,-5.0,-180.0,0.0
2020-10-14,2020,10,14,0.0,20.0,-25.0,40.0,-10.0,70.0,-6.0,-2.0,100.0,-250.0,40.0,-9.0,-3.0,-50.0,-6.0,-5.0,1.0,-12.0,6.0,31.0,5.0,-250.0,-70.0,-160.0,1.0,-9.0,-80.0,-10.0,-100.0,17.0,0.0,-130.0,-11.0,9.0,-10.0,-5.0,-27.0,11.0,-7.0,-11.0,200.0,-180.0
2020-10-13,2020,10,13,70.0,70.0,-30.0,0.0,-70.0,110.0,-5.0,-10.0,250.0,440.0,20.0,-6.0,3.0,70.0,6.0,0.0,1.0,6.0,2.0,8.0,-2.0,120.0,20.0,20.0,11.0,7.0,50.0,0.0,350.0,5.0,0.0,40.0,28.0,0.0,11.0,-2.0,1.0,-14.0,15.0,3.0,40.0,200.0
2020-10-12,2020,10,12,-40.0,-60.0,125.0,30.0,-60.0,0.0,0.0,-3.0,600.0,50.0,-40.0,9.0,-5.0,-240.0,-3.0,-7.0,-3.0,-9.0,-3.0,-1.0,-10.0,-170.0,-40.0,-10.0,6.0,4.0,-20.0,-400.0,300.0,-12.0,-23.0,-100.0,16.0,-12.0,20.0,15.0,-16.0,11.0,38.0,-5.0,50.0,40.0
2020-10-09,2020,10,9,-150.0,-40.0,-10.0,-10.0,50.0,100.0,0.0,-2.0,300.0,510.0,-40.0,6.0,-9.0,130.0,-11.0,-3.0,-4.0,-16.0,1.0,15.0,16.0,-250.0,20.0,-180.0,1.0,7.0,-80.0,-460.0,250.0,1.0,3.0,-180.0,21.0,0.0,23.0,9.0,36.0,19.0,19.0,-30.0,140.0,50.0
2020-10-08,2020,10,8,120.0,240.0,55.0,-70.0,90.0,-60.0,29.0,-13.0,-50.0,0.0,240.0,-54.0,10.0,70.0,8.0,-5.0,6.0,3.0,-15.0,-36.0,-7.0,-30.0,160.0,110.0,-13.0,-19.0,70.0,-160.0,700.0,0.0,18.0,10.0,47.0,-8.0,25.0,15.0,-4.0,17.0,42.0,-16.0,180.0,140.0
2020-10-07,2020,10,7,70.0,-40.0,-40.0,0.0,0.0,-20.0,0.0,0.0,350.0,50.0,0.0,3.0,2.0,0.0,2.0,-11.0,-3.0,5.0,2.0,7.0,12.0,-20.0,30.0,-330.0,-8.0,9.0,10.0,30.0,-350.0,29.0,-9.0,0.0,-22.0,3.0,-10.0,18.0,6.0,20.0,1.0,4.0,40.0,180.0
2020-10-06,2020,10,6,30.0,120.0,30.0,100.0,-50.0,-15.0,-33.0,6.0,750.0,-290.0,110.0,-29.0,11.0,100.0,11.0,12.0,0.0,25.0,-8.0,1.0,23.0,-120.0,60.0,170.0,-3.0,5.0,60.0,-120.0,400.0,-16.0,0.0,-60.0,29.0,-9.0,24.0,19.0,-1.0,15.0,47.0,8.0,0.0,40.0
2020-10-05,2020,10,5,260.0,310.0,70.0,50.0,280.0,-15.0,13.0,61.0,-550.0,540.0,290.0,-68.0,28.0,270.0,26.0,19.0,28.0,29.0,-6.0,-25.0,-28.0,590.0,300.0,390.0,2.0,15.0,220.0,-660.0,700.0,-4.0,5.0,-110.0,51.0,5.0,49.0,35.0,77.0,26.0,30.0,33.0,-90.0,0.0
2020-10-02,2020,10,2,-210.0,-180.0,-100.0,-40.0,-150.0,-190.0,-24.0,-24.0,-1100.0,120.0,-170.0,37.0,-18.0,-150.0,-12.0,-4.0,-23.0,-3.0,-4.0,24.0,-21.0,-230.0,-310.0,-240.0,3.0,13.0,-150.0,640.0,0.0,9.0,-6.0,330.0,2.0,-13.0,-12.0,-1.0,23.0,-7.0,3.0,-18.0,-130.0,-90.0
2020-09-30,2020,9,30,-200.0,-350.0,-5.0,90.0,-20.0,290.0,-35.0,-14.0,900.0,110.0,-390.0,83.0,-38.0,-360.0,-39.0,-25.0,-21.0,-24.0,3.0,-10.0,23.0,-720.0,-210.0,-350.0,-1.0,-13.0,-170.0,40.0,-700.0,3.0,-4.0,-410.0,-50.0,-2.0,-32.0,4.0,-32.0,1.0,-20.0,-17.0,70.0,-130.0
2020-09-29,2020,9,29,170.0,200.0,80.0,-10.0,-20.0,-55.0,28.0,32.0,1000.0,140.0,220.0,-51.0,15.0,710.0,12.0,13.0,2.0,21.0,2.0,11.0,14.0,290.0,170.0,190.0,14.0,12.0,100.0,70.0,650.0,19.0,-7.0,140.0,45.0,8.0,36.0,4.0,43.0,28.0,59.0,17.0,220.0,70.0
2020-09-28,2020,9,28,200.0,240.0,-35.0,90.0,60.0,-5.0,-9.0,-2.0,450.0,380.0,270.0,-64.0,24.0,-330.0,28.0,13.0,26.0,28.0,2.0,0.0,5.0,390.0,140.0,180.0,-1.0,-3.0,110.0,-320.0,650.0,-31.0,-8.0,260.0,42.0,-1.0,31.0,23.0,33.0,-10.0,41.0,10.0,100.0,220.0
2020-09-25,2020,9,25,-30.0,130.0,50.0,-50.0,80.0,-110.0,25.0,34.0,-850.0,-260.0,150.0,-31.0,11.0,40.0,8.0,23.0,-1.0,1.0,-2.0,-10.0,-4.0,-30.0,260.0,90.0,-8.0,4.0,10.0,-130.0,200.0,-16.0,8.0,0.0,19.0,5.0,-3.0,-8.0,6.0,21.0,17.0,14.0,70.0,100.0
2020-09-24,2020,9,24,-70.0,-230.0,-80.0,-90.0,-90.0,80.0,-38.0,-34.0,-100.0,70.0,-290.0,63.0,-19.0,-100.0,-17.0,16.0,-6.0,-20.0,1.0,10.0,-3.0,-310.0,-210.0,-140.0,-20.0,-18.0,-30.0,480.0,-800.0,16.0,5.0,-200.0,-57.0,3.0,-34.0,-39.0,-52.0,-25.0,-51.0,24.0,-210.0,70.0
2020-09-23,2020,9,23,-110.0,-10.0,-140.0,-250.0,-220.0,-130.0,-9.0,-74.0,-500.0,20.0,0.0,2.0,-1.0,-40.0,-5.0,-50.0,10.0,-13.0,1.0,3.0,6.0,-210.0,-200.0,-210.0,-5.0,-17.0,-70.0,280.0,-300.0,-5.0,-10.0,-150.0,-26.0,13.0,-28.0,-38.0,-66.0,25.0,-21.0,-28.0,350.0,-210.0
2020-09-18,2020,9,18,60.0,10.0,40.0,50.0,100.0,40.0,1.0,4.0,-300.0,-560.0,30.0,-11.0,7.0,40.0,10.0,-2.0,4.0,-7.0,0.0,21.0,-4.0,-10.0,260.0,90.0,-1.0,3.0,50.0,-330.0,-50.0,0.0,-3.0,10.0,1.0,-8.0,-15.0,10.0,-12.0,0.0,3.0,-29.0,10.0,350.0
2020-09-17,2020,9,17,-80.0,-140.0,-100.0,-120.0,-70.0,100.0,4.0,-1.0,-50.0,10.0,-140.0,35.0,-7.0,-60.0,-9.0,3.0,-2.0,-13.0,-2.0,8.0,7.0,-160.0,-20.0,-130.0,2.0,-8.0,-50.0,120.0,-800.0,0.0,6.0,-120.0,-49.0,-11.0,-23.0,-30.0,-16.0,-7.0,-50.0,1.0,10.0,10.0
2020-09-16,2020,9,16,30.0,30.0,100.0,-30.0,100.0,-30.0,-3.0,2.0,150.0,40.0,40.0,-5.0,4.0,10.0,5.0,27.0,1.0,-12.0,0.0,34.0,-9.0,-270.0,120.0,-90.0,5.0,5.0,0.0,-160.0,100.0,25.0,20.0,-210.0,4.0,-9.0,6.0,10.0,9.0,30.0,19.0,31.0,250.0,10.0
2020-09-15,2020,9,15,-130.0,-110.0,-20.0,30.0,-10.0,25.0,-10.0,-1.0,-200.0,-10.0,-140.0,23.0,-9.0,-10.0,-10.0,14.0,-15.0,-12.0,-1.0,-34.0,7.0,-140.0,-10.0,-80.0,2.0,3.0,-100.0,40.0,-50.0,-10.0,1.0,-110.0,2.0,-9.0,-4.0,1.0,27.0,16.0,-3.0,18.0,80.0,250.0
2020-09-14,2020,9,14,150.0,150.0,50.0,-20.0,80.0,-60.0,0.0,10.0,-900.0,800.0,170.0,-38.0,14.0,30.0,17.0,5.0,8.0,12.0,3.0,0.0,13.0,230.0,150.0,170.0,-3.0,-2.0,60.0,-520.0,100.0,8.0,-16.0,260.0,6.0,3.0,3.0,22.0,-6.0,5.0,4.0,3.0,-60.0,80.0
2020-09-11,2020,9,11,110.0,170.0,-110.0,20.0,-60.0,45.0,-10.0,-3.0,900.0,-730.0,170.0,-39.0,13.0,90.0,11.0,-14.0,15.0,0.0,2.0,1.0,18.0,90.0,120.0,90.0,6.0,-1.0,90.0,-140.0,-350.0,-29.0,-6.0,110.0,-25.0,1.0,-9.0,-7.0,-16.0,9.0,-7.0,-9.0,50.0,-60.0
2020-09-10,2020,9,10,160.0,190.0,95.0,230.0,70.0,0.0,50.0,30.0,-900.0,680.0,200.0,-52.0,19.0,180.0,17.0,-7.0,8.0,24.0,-2.0,11.0,-12.0,320.0,80.0,250.0,1.0,8.0,160.0,-370.0,750.0,1.0,13.0,230.0,46.0,-2.0,43.0,23.0,13.0,-14.0,66.0,-9.0,90.0,50.0
2020-09-09,2020,9,9,-120.0,-220.0,-90.0,-210.0,-190.0,-40.0,-30.0,-33.0,600.0,-590.0,-260.0,60.0,-14.0,-120.0,-13.0,-4.0,-11.0,-15.0,6.0,19.0,7.0,-280.0,-90.0,-140.0,1.0,-10.0,-110.0,-230.0,-1200.0,8.0,-15.0,-210.0,-82.0,0.0,-57.0,-28.0,-41.0,-10.0,-84.0,-5.0,-230.0,90.0
2020-09-08,2020,9,8,90.0,160.0,15.0,20.0,120.0,50.0,17.0,5.0,-950.0,340.0,190.0,-47.0,9.0,90.0,11.0,2.0,9.0,12.0,1.0,-5.0,-10.0,100.0,160.0,120.0,5.0,0.0,80.0,-240.0,400.0,0.0,20.0,140.0,29.0,4.0,15.0,1.0,23.0,12.0,28.0,-2.0,90.0,-230.0
2020-09-07,2020,9,7,-120.0,-110.0,0.0,-30.0,90.0,-80.0,11.0,2.0,-500.0,360.0,-110.0,24.0,-7.0,-70.0,-6.0,-23.0,-10.0,-4.0,-14.0,16.0,-20.0,70.0,-20.0,80.0,-25.0,-3.0,-40.0,-750.0,-450.0,-25.0,10.0,0.0,-30.0,-16.0,-32.0,-3.0,-20.0,-17.0,-26.0,-16.0,-100.0,90.0
2020-09-04,2020,9,4,-80.0,-240.0,-60.0,-90.0,-230.0,30.0,-32.0,-23.0,150.0,210.0,-260.0,63.0,-12.0,-120.0,-14.0,-7.0,-21.0,0.0,4.0,-5.0,11.0,0.0,-190.0,10.0,-4.0,-12.0,-80.0,1030.0,-1350.0,-1.0,5.0,0.0,-96.0,2.0,-69.0,-21.0,-2.0,-17.0,-126.0,-8.0,-140.0,-100.0
2020-09-03,2020,9,3,130.0,200.0,30.0,230.0,120.0,85.0,32.0,-18.0,500.0,170.0,210.0,-51.0,5.0,70.0,5.0,22.0,12.0,10.0,6.0,11.0,7.0,140.0,110.0,130.0,13.0,-1.0,50.0,510.0,400.0,17.0,11.0,160.0,29.0,12.0,20.0,-11.0,23.0,-3.0,31.0,24.0,-120.0,-140.0
2020-09-02,2020,9,2,0.0,120.0,-10.0,-230.0,-200.0,-30.0,-33.0,-11.0,0.0,-40.0,110.0,-25.0,9.0,60.0,8.0,0.0,2.0,-4.0,4.0,4.0,-5.0,-120.0,70.0,-20.0,9.0,10.0,20.0,210.0,550.0,-13.0,-11.0,-60.0,37.0,16.0,20.0,16.0,7.0,16.0,55.0,-11.0,200.0,-120.0
2020-09-01,2020,9,1,-120.0,-10.0,-30.0,-10.0,130.0,-25.0,29.0,-9.0,-50.0,-90.0,-20.0,4.0,1.0,10.0,-1.0,-22.0,-10.0,-11.0,1.0,-36.0,17.0,-20.0,-60.0,-160.0,11.0,-1.0,-90.0,360.0,-150.0,39.0,-13.0,0.0,-8.0,4.0,-1.0,-11.0,-14.0,27.0,4.0,-9.0,90.0,200.0
2020-08-31,2020,8,31,180.0,240.0,100.0,190.0,0.0,25.0,5.0,-7.0,0.0,-50.0,260.0,-68.0,13.0,70.0,14.0,13.0,21.0,8.0,10.0,9.0,-5.0,380.0,290.0,130.0,11.0,0.0,120.0,-150.0,-50.0,-5.0,-20.0,130.0,-6.0,-7.0,-6.0,-9.0,-9.0,30.0,23.0,-1.0,40.0,90.0
2020-08-28,2020,8,28,-60.0,-280.0,10.0,10.0,70.0,10.0,2.0,9.0,650.0,-310.0,-290.0,74.0,-14.0,-50.0,-12.0,7.0,-16.0,2.0,-15.0,32.0,-6.0,70.0,-160.0,110.0,-28.0,-4.0,-20.0,290.0,400.0,-7.0,48.0,70.0,29.0,-10.0,21.0,11.0,43.0,-39.0,4.0,14.0,-170.0,40.0
2020-08-27,2020,8,27,-30.0,-80.0,-15.0,-40.0,-30.0,55.0,1.0,0.0,250.0,20.0,-80.0,17.0,-10.0,-80.0,-8.0,-1.0,-5.0,-16.0,6.0,0.0,-9.0,-300.0,-40.0,-120.0,11.0,0.0,-70.0,200.0,200.0,-13.0,-1.0,-210.0,15.0,-2.0,15.0,-1.0,-27.0,-17.0,22.0,-4.0,50.0,-170.0
2020-08-26,2020,8,26,-30.0,-30.0,0.0,80.0,-10.0,10.0,0.0,-2.0,450.0,-320.0,-20.0,4.0,0.0,-60.0,-3.0,-8.0,-6.0,-6.0,-10.0,5.0,16.0,-30.0,10.0,-110.0,-18.0,3.0,-80.0,20.0,200.0,-8.0,-10.0,0.0,10.0,0.0,4.0,14.0,-3.0,11.0,15.0,-9.0,-40.0,50.0
2020-08-25,2020,8,25,170.0,310.0,100.0,160.0,50.0,-20.0,-20.0,30.0,-150.0,1440.0,310.0,-79.0,18.0,200.0,20.0,14.0,7.0,30.0,-7.0,-34.0,4.0,450.0,120.0,360.0,-7.0,7.0,180.0,30.0,450.0,11.0,13.0,360.0,33.0,-3.0,28.0,18.0,32.0,-9.0,23.0,12.0,-200.0,-40.0
2020-08-24,2020,8,24,-20.0,50.0,-20.0,-20.0,-100.0,-55.0,8.0,-20.0,-200.0,-500.0,40.0,-12.0,3.0,10.0,2.0,-9.0,5.0,1.0,5.0,9.0,7.0,-20.0,20.0,10.0,9.0,4.0,10.0,10.0,250.0,8.0,-28.0,-80.0,20.0,12.0,8.0,20.0,5.0,20.0,13.0,-2.0,60.0,-200.0
2020-08-21,2020,8,21,100.0,50.0,-25.0,-10.0,60.0,-5.0,10.0,19.0,100.0,-980.0,80.0,-16.0,5.0,70.0,7.0,48.0,4.0,4.0,1.0,25.0,-12.0,80.0,140.0,50.0,2.0,8.0,50.0,-480.0,150.0,-7.0,-5.0,60.0,14.0,-14.0,13.0,14.0,23.0,15.0,2.0,19.0,30.0,60.0
2020-08-20,2020,8,20,-110.0,-230.0,15.0,0.0,-110.0,-100.0,-20.0,-29.0,-50.0,-580.0,-250.0,62.0,-15.0,-130.0,-16.0,-1.0,-7.0,-7.0,0.0,-25.0,4.0,-140.0,-160.0,-110.0,-1.0,-12.0,-130.0,550.0,-200.0,-14.0,9.0,-80.0,-18.0,14.0,-19.0,-31.0,-36.0,-18.0,-19.0,25.0,-200.0,30.0
2020-08-19,2020,8,19,0.0,70.0,-10.0,-140.0,140.0,80.0,0.0,-11.0,300.0,-160.0,50.0,-17.0,4.0,50.0,2.0,-11.0,4.0,5.0,5.0,3.0,2.0,50.0,100.0,90.0,4.0,12.0,50.0,-110.0,50.0,22.0,16.0,40.0,6.0,4.0,-15.0,5.0,-12.0,32.0,-7.0,-10.0,-50.0,-200.0
2020-08-18,2020,8,18,0.0,-50.0,-5.0,120.0,-130.0,-55.0,1.0,10.0,0.0,360.0,-60.0,15.0,-1.0,-10.0,2.0,13.0,3.0,-9.0,3.0,33.0,-10.0,-230.0,90.0,-140.0,12.0,5.0,-60.0,-370.0,-200.0,3.0,-12.0,-130.0,-14.0,-21.0,-2.0,-16.0,4.0,30.0,5.0,6.0,300.0,-50.0
2020-08-17,2020,8,17,-110.0,-180.0,-30.0,-120.0,-230.0,85.0,14.0,0.0,100.0,220.0,-170.0,40.0,-12.0,-110.0,-14.0,6.0,-17.0,-8.0,5.0,14.0,-3.0,-40.0,-90.0,-50.0,-13.0,-5.0,-70.0,-20.0,-100.0,-5.0,-28.0,-70.0,-11.0,-2.0,4.0,0.0,-6.0,2.0,-27.0,19.0,-80.0,300.0
2020-08-14,2020,8,14,0.0,20.0,-70.0,20.0,10.0,-5.0,25.0,0.0,400.0,-90.0,40.0,-7.0,-1.0,-40.0,-10.0,-1.0,7.0,-5.0,-10.0,-10.0,21.0,-100.0,10.0,-80.0,-29.0,-1.0,0.0,-50.0,100.0,6.0,-1.0,-70.0,14.0,-7.0,13.0,8.0,-16.0,7.0,30.0,-9.0,130.0,-80.0
2020-08-13,2020,8,13,200.0,420.0,110.0,130.0,260.0,-65.0,0.0,0.0,-550.0,880.0,420.0,-109.0,20.0,220.0,29.0,11.0,19.0,6.0,-1.0,-4.0,21.0,140.0,220.0,140.0,-3.0,-7.0,120.0,-350.0,350.0,9.0,-8.0,90.0,20.0,2.0,22.0,24.0,4.0,15.0,41.0,19.0,220.0,130.0
2020-08-12,2020,8,12,150.0,100.0,0.0,-70.0,-40.0,15.0,2.0,31.0,650.0,590.0,100.0,-26.0,17.0,270.0,20.0,-1.0,24.0,31.0,-10.0,-13.0,35.0,510.0,70.0,180.0,-19.0,-9.0,130.0,410.0,-100.0,0.0,5.0,350.0,-7.0,1.0,4.0,-9.0,-14.0,-15.0,-4.0,-13.0,-160.0,220.0
2020-08-11,2020,8,11,390.0,430.0,60.0,140.0,250.0,80.0,42.0,19.0,50.0,60.0,400.0,-115.0,40.0,250.0,25.0,-4.0,29.0,64.0,-12.0,26.0,-6.0,870.0,320.0,560.0,-15.0,0.0,320.0,-470.0,550.0,10.0,-10.0,720.0,37.0,3.0,27.0,15.0,48.0,0.0,0.0,5.0,-210.0,-160.0
2020-08-07,2020,8,7,-60.0,-100.0,0.0,-90.0,-10.0,-160.0,-43.0,-9.0,-150.0,-230.0,-70.0,25.0,0.0,-50.0,11.0,3.0,8.0,-3.0,2.0,6.0,-3.0,30.0,-130.0,0.0,11.0,0.0,-20.0,30.0,150.0,-11.0,19.0,-20.0,12.0,7.0,7.0,-17.0,-1.0,5.0,-9.0,5.0,-90.0,-210.0
2020-08-06,2020,8,6,-170.0,-130.0,-25.0,20.0,0.0,30.0,1.0,24.0,1000.0,330.0,-120.0,25.0,-7.0,-20.0,-20.0,-30.0,-35.0,-36.0,-3.0,-55.0,3.0,-90.0,40.0,30.0,0.0,6.0,-10.0,-150.0,50.0,-13.0,-23.0,30.0,-10.0,-10.0,-17.0,-14.0,-20.0,-7.0,7.0,-9.0,-10.0,-90.0
2020-08-05,2020,8,5,-30.0,-70.0,-25.0,-80.0,-140.0,75.0,-22.0,-10.0,350.0,110.0,-60.0,15.0,1.0,-10.0,-1.0,11.0,-13.0,3.0,8.0,0.0,29.0,10.0,50.0,-20.0,14.0,-2.0,-20.0,-330.0,0.0,49.0,40.0,-60.0,1.0,-5.0,3.0,6.0,23.0,16.0,-8.0,-13.0,120.0,-10.0
2020-08-04,2020,8,4,360.0,420.0,130.0,200.0,170.0,30.0,40.0,16.0,-400.0,90.0,400.0,-115.0,33.0,300.0,33.0,13.0,43.0,30.0,-1.0,-15.0,18.0,820.0,200.0,430.0,3.0,4.0,270.0,-120.0,350.0,-1.0,34.0,520.0,24.0,-2.0,28.0,29.0,-17.0,13.0,50.0,24.0,-110.0,120.0
2020-08-03,2020,8,3,170.0,470.0,0.0,40.0,-160.0,0.0,-2.0,-30.0,-150.0,340.0,440.0,-135.0,25.0,290.0,17.0,5.0,18.0,27.0,-5.0,15.0,-33.0,-710.0,240.0,250.0,-1.0,-6.0,150.0,-90.0,750.0,-6.0,13.0,210.0,51.0,43.0,33.0,14.0,50.0,33.0,34.0,12.0,70.0,-110.0
2020-07-31,2020,7,31,-410.0,-630.0,-160.0,-160.0,-20.0,-10.0,-49.0,-41.0,-200.0,170.0,-620.0,170.0,-43.0,-470.0,-46.0,-1.0,-35.0,-85.0,8.0,11.0,-12.0,80.0,-420.0,-500.0,3.0,9.0,-290.0,190.0,-300.0,-13.0,19.0,-640.0,-23.0,-14.0,-26.0,-26.0,-38.0,-3.0,-33.0,-14.0,-190.0,70.0
2020-07-30,2020,7,30,-110.0,-30.0,0.0,20.0,10.0,0.0,11.0,30.0,200.0,-90.0,-30.0,15.0,-10.0,-100.0,-6.0,-7.0,-17.0,-44.0,2.0,-1.0,-15.0,-200.0,-100.0,-210.0,7.0,7.0,-70.0,-290.0,450.0,-12.0,12.0,-230.0,31.0,2.0,27.0,4.0,33.0,11.0,45.0,4.0,90.0,-190.0
2020-07-29,2020,7,29,-180.0,-280.0,0.0,-40.0,30.0,-75.0,-20.0,-15.0,-250.0,830.0,-270.0,75.0,-20.0,-150.0,-13.0,4.0,-22.0,44.0,8.0,10.0,-6.0,-460.0,-210.0,-190.0,7.0,-1.0,-180.0,40.0,-400.0,-5.0,9.0,-240.0,-29.0,-17.0,-31.0,-8.0,24.0,-27.0,-53.0,5.0,40.0,90.0
2020-07-28,2020,7,28,-120.0,-40.0,30.0,40.0,-10.0,-75.0,10.0,-4.0,-300.0,70.0,-40.0,15.0,-9.0,-90.0,-8.0,-6.0,-10.0,-16.0,-6.0,9.0,2.0,-140.0,0.0,-40.0,-22.0,3.0,-40.0,-270.0,100.0,-23.0,-4.0,-120.0,12.0,8.0,8.0,32.0,12.0,-3.0,37.0,-17.0,250.0,40.0
2020-07-27,2020,7,27,90.0,-60.0,-120.0,-150.0,-100.0,0.0,-9.0,-31.0,200.0,-860.0,-80.0,15.0,5.0,20.0,3.0,14.0,2.0,4.0,2.0,-1.0,-10.0,-70.0,-50.0,10.0,4.0,6.0,0.0,120.0,-750.0,5.0,1.0,10.0,-55.0,-30.0,-43.0,-57.0,-5.0,-16.0,-69.0,23.0,-440.0,250.0
2020-07-22,2020,7,22,-110.0,-160.0,10.0,0.0,-40.0,45.0,11.0,10.0,450.0,450.0,-120.0,30.0,-11.0,-60.0,-10.0,11.0,-13.0,-3.0,2.0,6.0,8.0,-60.0,-100.0,0.0,3.0,9.0,-60.0,160.0,-300.0,11.0,-4.0,-70.0,-21.0,-6.0,-14.0,10.0,-5.0,-1.0,-32.0,-1.0,80.0,-440.0
2020-07-21,2020,7,21,130.0,150.0,40.0,100.0,40.0,0.0,25.0,-10.0,-50.0,0.0,190.0,-50.0,7.0,60.0,7.0,-3.0,13.0,-15.0,1.0,-9.0,6.0,-250.0,160.0,-90.0,12.0,20.0,50.0,-760.0,700.0,14.0,1.0,-150.0,50.0,-5.0,41.0,42.0,-16.0,16.0,83.0,18.0,130.0,80.0
2020-07-20,2020,7,20,-40.0,60.0,20.0,20.0,-30.0,-90.0,9.0,45.0,50.0,-380.0,20.0,0.0,4.0,0.0,3.0,-6.0,-8.0,-1.0,-2.0,6.0,-5.0,80.0,80.0,20.0,5.0,1.0,30.0,-390.0,50.0,-20.0,14.0,40.0,0.0,5.0,9.0,7.0,17.0,7.0,12.0,-13.0,140.0,130.0
2020-07-17,2020,7,17,-30.0,-90.0,-20.0,-10.0,-90.0,115.0,-24.0,0.0,300.0,-420.0,-110.0,20.0,-6.0,-10.0,-6.0,1.0,-7.0,-6.0,2.0,-12.0,-17.0,-160.0,-50.0,-110.0,12.0,6.0,-40.0,-250.0,0.0,-22.0,3.0,-180.0,5.0,10.0,-5.0,8.0,-13.0,-10.0,2.0,2.0,60.0,140.0
2020-07-16,2020,7,16,-90.0,-140.0,20.0,-60.0,210.0,60.0,24.0,34.0,-100.0,940.0,-170.0,39.0,-13.0,-120.0,-9.0,-11.0,-9.0,1.0,1.0,-3.0,25.0,140.0,-90.0,-10.0,4.0,10.0,-50.0,-80.0,-100.0,6.0,-4.0,90.0,-10.0,-7.0,-1.0,-28.0,-5.0,-17.0,-12.0,-8.0,-240.0,60.0
2020-07-15,2020,7,15,210.0,370.0,95.0,210.0,160.0,-150.0,0.0,1.0,550.0,-10.0,360.0,-94.0,27.0,240.0,25.0,5.0,22.0,21.0,0.0,-4.0,-10.0,290.0,240.0,200.0,13.0,5.0,180.0,-530.0,600.0,-6.0,-6.0,260.0,46.0,3.0,37.0,13.0,27.0,20.0,38.0,-22.0,110.0,-240.0
2020-07-14,2020,7,14,-50.0,-180.0,-25.0,-30.0,-80.0,40.0,12.0,5.0,-150.0,170.0,-160.0,40.0,-8.0,-80.0,-9.0,-4.0,-9.0,3.0,1.0,10.0,24.0,130.0,-100.0,-40.0,-6.0,-4.0,-70.0,940.0,-450.0,-2.0,-15.0,30.0,-32.0,3.0,-19.0,-20.0,-19.0,-23.0,-52.0,10.0,-40.0,110.0
2020-07-13,2020,7,13,250.0,350.0,0.0,50.0,290.0,-65.0,12.0,0.0,0.0,1000.0,430.0,-120.0,36.0,260.0,37.0,6.0,25.0,37.0,-4.0,0.0,-16.0,460.0,320.0,330.0,-1.0,19.0,250.0,-800.0,900.0,-35.0,7.0,430.0,66.0,-6.0,51.0,16.0,42.0,19.0,36.0,9.0,-20.0,-40.0
2020-07-10,2020,7,10,-150.0,-200.0,20.0,-160.0,-420.0,95.0,9.0,-16.0,-300.0,-1300.0,-230.0,65.0,-26.0,-150.0,-22.0,-15.0,-20.0,-12.0,7.0,-20.0,-5.0,-270.0,-200.0,-210.0,4.0,-11.0,-130.0,570.0,-500.0,29.0,-7.0,-260.0,-42.0,6.0,-36.0,-49.0,-36.0,3.0,-26.0,-10.0,20.0,-20.0
2020-07-09,2020,7,9,-60.0,-10.0,25.0,30.0,0.0,-55.0,4.0,-7.0,300.0,620.0,110.0,-35.0,3.0,0.0,2.0,-10.0,-3.0,-2.0,-10.0,16.0,-1.0,-50.0,-120.0,-60.0,-16.0,-26.0,-70.0,-340.0,100.0,9.0,7.0,-60.0,13.0,-24.0,-1.0,32.0,-13.0,-15.0,33.0,-39.0,-10.0,20.0
2020-07-08,2020,7,8,-20.0,20.0,-55.0,40.0,-20.0,30.0,-22.0,0.0,200.0,-1110.0,-140.0,50.0,-11.0,-90.0,-16.0,0.0,-9.0,-14.0,4.0,-8.0,-28.0,-100.0,0.0,-70.0,1.0,-10.0,10.0,230.0,-250.0,2.0,-2.0,-100.0,-20.0,8.0,-1.0,13.0,-30.0,0.0,-13.0,15.0,-400.0,-10.0
2020-07-07,2020,7,7,-150.0,-310.0,-30.0,-20.0,-40.0,120.0,-1.0,7.0,500.0,1810.0,-140.0,20.0,-24.0,-220.0,-6.0,-1.0,-9.0,-15.0,3.0,-34.0,25.0,-260.0,-180.0,-110.0,11.0,6.0,-690.0,530.0,-50.0,80.0,-1.0,-190.0,-7.0,-1.0,-9.0,11.0,-59.0,2.0,2.0,-16.0,400.0,-400.0
2020-07-06,2020,7,6,360.0,400.0,70.0,140.0,20.0,115.0,42.0,-9.0,300.0,240.0,430.0,-120.0,29.0,200.0,28.0,8.0,23.0,31.0,-7.0,20.0,2.0,-130.0,310.0,280.0,1.0,7.0,580.0,-400.0,400.0,19.0,16.0,290.0,34.0,-5.0,29.0,38.0,39.0,9.0,48.0,12.0,370.0,400.0
2020-07-03,2020,7,3,30.0,160.0,100.0,-80.0,70.0,40.0,7.0,5.0,100.0,-1590.0,160.0,-45.0,8.0,100.0,11.0,-14.0,3.0,-41.0,4.0,-21.0,9.0,140.0,10.0,-70.0,8.0,14.0,-20.0,-260.0,300.0,0.0,3.0,-20.0,16.0,8.0,14.0,36.0,-2.0,20.0,24.0,-7.0,260.0,370.0
2020-07-02,2020,7,2,30.0,30.0,-20.0,160.0,160.0,-40.0,6.0,0.0,-900.0,870.0,10.0,0.0,3.0,50.0,2.0,29.0,11.0,0.0,-2.0,5.0,-32.0,280.0,-70.0,100.0,13.0,12.0,110.0,-520.0,250.0,-2.0,12.0,110.0,22.0,-3.0,9.0,24.0,55.0,-23.0,3.0,31.0,70.0,260.0
2020-07-01,2020,7,1,-40.0,-170.0,0.0,-100.0,20.0,10.0,-5.0,5.0,600.0,1070.0,-150.0,40.0,-34.0,-150.0,-19.0,3.0,-21.0,3.0,-7.0,12.0,16.0,-360.0,-380.0,-420.0,1.0,15.0,-280.0,-460.0,350.0,2.0,-7.0,-260.0,23.0,-13.0,26.0,-7.0,1.0,-1.0,26.0,1.0,-20.0,70.0
2020-06-30,2020,6,30,10.0,280.0,105.0,260.0,-160.0,10.0,33.0,0.0,-50.0,-910.0,270.0,-75.0,22.0,50.0,8.0,6.0,-3.0,-7.0,4.0,-4.0,-22.0,70.0,220.0,270.0,17.0,-13.0,180.0,-500.0,600.0,14.0,7.0,250.0,44.0,16.0,32.0,21.0,42.0,-4.0,17.0,-11.0,40.0,-20.0
2020-06-29,2020,6,29,-250.0,-500.0,-85.0,-250.0,260.0,20.0,-41.0,0.0,-550.0,1050.0,-500.0,135.0,-28.0,-240.0,-28.0,-39.0,-23.0,0.0,6.0,70.0,17.0,-160.0,-220.0,-280.0,5.0,-16.0,-220.0,640.0,-700.0,0.0,-2.0,-290.0,-54.0,8.0,-47.0,-17.0,-35.0,-25.0,-31.0,-24.0,-160.0,40.0
2020-06-26,2020,6,26,110.0,210.0,90.0,140.0,-370.0,-100.0,-2.0,1.0,800.0,1810.0,260.0,-70.0,16.0,160.0,16.0,24.0,16.0,2.0,1.0,-16.0,-16.0,260.0,170.0,170.0,-5.0,6.0,170.0,-540.0,250.0,-21.0,-15.0,110.0,26.0,1.0,13.0,10.0,22.0,-10.0,25.0,31.0,50.0,-160.0
2020-06-25,2020,6,25,-220.0,-230.0,-120.0,-190.0,240.0,10.0,-36.0,-45.0,-250.0,-1130.0,-270.0,75.0,-20.0,-170.0,-19.0,-29.0,-13.0,-12.0,4.0,31.0,-15.0,-380.0,-150.0,-250.0,-8.0,-29.0,-180.0,880.0,-650.0,0.0,5.0,-370.0,-51.0,19.0,-31.0,-32.0,-39.0,-8.0,-32.0,-15.0,20.0,50.0
2020-06-24,2020,6,24,-30.0,-10.0,25.0,20.0,-150.0,-10.0,-3.0,-8.0,-600.0,260.0,-10.0,5.0,-4.0,-140.0,-7.0,22.0,-9.0,-5.0,-2.0,-16.0,9.0,-240.0,-80.0,-240.0,-6.0,1.0,-120.0,-270.0,-50.0,6.0,-13.0,-140.0,2.0,-17.0,6.0,27.0,-8.0,5.0,3.0,-9.0,-40.0,20.0
2020-06-23,2020,6,23,100.0,100.0,15.0,50.0,100.0,-80.0,24.0,14.0,500.0,-390.0,90.0,-30.0,4.0,110.0,10.0,-2.0,10.0,13.0,-1.0,-72.0,2.0,140.0,60.0,100.0,-3.0,-1.0,110.0,-780.0,500.0,6.0,6.0,30.0,30.0,6.0,32.0,16.0,8.0,-2.0,19.0,4.0,50.0,-40.0
2020-06-22,2020,6,22,0.0,-20.0,-80.0,-10.0,-60.0,85.0,44.0,13.0,-450.0,-100.0,-10.0,5.0,2.0,0.0,-5.0,-11.0,0.0,1.0,1.0,10.0,4.0,-50.0,30.0,60.0,0.0,6.0,20.0,480.0,-400.0,-5.0,10.0,-60.0,-28.0,3.0,-4.0,-4.0,-52.0,14.0,-16.0,25.0,160.0,50.0
2020-06-19,2020,6,19,-40.0,110.0,100.0,-10.0,20.0,5.0,11.0,-22.0,2100.0,0.0,100.0,-30.0,-2.0,20.0,-2.0,-21.0,-3.0,-8.0,2.0,-20.0,-7.0,-140.0,60.0,0.0,-1.0,-9.0,10.0,-550.0,150.0,1.0,0.0,-110.0,15.0,-1.0,6.0,8.0,-5.0,10.0,8.0,-40.0,-20.0,160.0
2020-06-18,2020,6,18,20.0,-110.0,20.0,90.0,290.0,10.0,13.0,55.0,-1300.0,450.0,-110.0,25.0,-5.0,-80.0,-3.0,1.0,-6.0,-19.0,6.0,55.0,-6.0,-190.0,-60.0,-130.0,-5.0,-12.0,-90.0,180.0,-500.0,17.0,-7.0,-120.0,-29.0,-4.0,-39.0,-4.0,-48.0,-6.0,-10.0,-19.0,20.0,-20.0
2020-06-17,2020,6,17,-150.0,-90.0,-35.0,-40.0,-200.0,105.0,-14.0,-78.0,-800.0,50.0,-100.0,35.0,-6.0,-30.0,-9.0,8.0,-1.0,-12.0,1.0,-11.0,52.0,-240.0,40.0,-40.0,11.0,0.0,-80.0,550.0,0.0,-8.0,-1.0,-170.0,1.0,-6.0,-1.0,-12.0,-5.0,11.0,-6.0,16.0,100.0,20.0
2020-06-16,2020,6,16,610.0,1040.0,205.0,280.0,-250.0,-25.0,79.0,121.0,-550.0,700.0,990.0,-345.0,65.0,420.0,67.0,72.0,39.0,63.0,-13.0,0.0,-29.0,730.0,430.0,490.0,35.0,59.0,420.0,-2780.0,2000.0,-1.0,10.0,780.0,138.0,-1.0,127.0,61.0,143.0,52.0,105.0,80.0,80.0,100.0
2020-06-15,2020,6,15,-400.0,-780.0,-140.0,-150.0,-290.0,-225.0,-77.0,-71.0,-400.0,400.0,-740.0,220.0,-84.0,-220.0,-41.0,-75.0,-29.0,-25.0,9.0,-39.0,-20.0,-210.0,-300.0,-240.0,6.0,-6.0,-200.0,1880.0,-1250.0,-8.0,-3.0,-490.0,-85.0,-2.0,-86.0,-31.0,-58.0,-36.0,-35.0,-92.0,-110.0,80.0
2020-06-12,2020,6,12,-160.0,-210.0,-100.0,-220.0,-180.0,55.0,-21.0,-44.0,100.0,0.0,-190.0,45.0,23.0,-180.0,-17.0,3.0,-13.0,-16.0,-3.0,78.0,-28.0,-330.0,-260.0,-260.0,-28.0,-47.0,-140.0,1730.0,-850.0,-10.0,1.0,-250.0,-66.0,10.0,-73.0,-21.0,-31.0,3.0,-35.0,16.0,-20.0,-110.0
2020-06-11,2020,6,11,-320.0,-600.0,-110.0,-160.0,70.0,-70.0,-21.0,-85.0,350.0,-3900.0,-670.0,180.0,-40.0,-320.0,-38.0,-50.0,-25.0,-62.0,20.0,11.0,3.0,-980.0,-330.0,-430.0,4.0,-22.0,-320.0,810.0,-1000.0,3.0,24.0,-590.0,-69.0,9.0,-47.0,-50.0,-125.0,-27.0,-79.0,-65.0,10.0,-20.0
2020-06-10,2020,6,10,40.0,20.0,-50.0,-10.0,200.0,-210.0,-14.0,-40.0,500.0,-1120.0,-10.0,-5.0,1.0,-20.0,-5.0,0.0,2.0,-12.0,4.0,20.0,4.0,-240.0,30.0,-80.0,-3.0,-15.0,-10.0,290.0,-300.0,0.0,-26.0,-160.0,-18.0,-11.0,-15.0,-11.0,-29.0,11.0,-2.0,15.0,10.0,10.0
2020-06-09,2020,6,9,-50.0,-80.0,-90.0,-140.0,0.0,40.0,14.0,36.0,50.0,2420.0,-50.0,11.0,-2.0,10.0,0.0,10.0,4.0,-5.0,10.0,-14.0,8.0,-50.0,30.0,-40.0,17.0,6.0,-20.0,210.0,-100.0,11.0,8.0,-50.0,-7.0,-24.0,-4.0,-2.0,22.0,-5.0,-36.0,0.0,-40.0,10.0
2020-06-08,2020,6,8,160.0,310.0,120.0,50.0,200.0,310.0,1.0,39.0,1250.0,2500.0,310.0,-81.0,19.0,160.0,17.0,37.0,8.0,34.0,-11.0,27.0,1.0,600.0,120.0,260.0,15.0,19.0,180.0,-390.0,750.0,1.0,-2.0,450.0,53.0,-7.0,35.0,27.0,58.0,14.0,24.0,43.0,-70.0,-40.0
2020-06-05,2020,6,5,100.0,180.0,110.0,160.0,40.0,105.0,10.0,53.0,-100.0,-1510.0,190.0,-40.0,7.0,40.0,8.0,6.0,-3.0,24.0,-16.0,-1.0,12.0,450.0,-20.0,110.0,-13.0,-1.0,40.0,-490.0,400.0,9.0,10.0,310.0,21.0,-6.0,32.0,10.0,28.0,18.0,24.0,12.0,-130.0,-70.0
2020-06-04,2020,6,4,20.0,50.0,70.0,10.0,170.0,145.0,10.0,3.0,-150.0,-490.0,60.0,-25.0,0.0,60.0,6.0,-28.0,7.0,7.0,-9.0,28.0,3.0,30.0,50.0,40.0,9.0,7.0,130.0,-150.0,350.0,-5.0,-3.0,-60.0,26.0,-4.0,31.0,20.0,57.0,-19.0,21.0,-30.0,30.0,-130.0
2020-06-03,2020,6,3,160.0,300.0,80.0,320.0,10.0,70.0,38.0,51.0,0.0,500.0,260.0,-80.0,16.0,60.0,10.0,34.0,4.0,27.0,-8.0,1.0,18.0,410.0,-90.0,40.0,6.0,32.0,-20.0,-370.0,650.0,26.0,-13.0,270.0,51.0,16.0,57.0,65.0,50.0,-5.0,50.0,21.0,-100.0,30.0
2020-06-02,2020,6,2,130.0,280.0,105.0,40.0,-40.0,10.0,12.0,8.0,-150.0,-3500.0,300.0,-80.0,12.0,230.0,24.0,28.0,9.0,17.0,-2.0,-25.0,0.0,280.0,230.0,270.0,-6.0,7.0,190.0,90.0,200.0,-8.0,21.0,140.0,11.0,1.0,-3.0,12.0,32.0,1.0,23.0,40.0,-20.0,-100.0
2020-06-01,2020,6,1,90.0,190.0,-25.0,80.0,140.0,-60.0,34.0,1.0,500.0,-250.0,180.0,-60.0,10.0,-10.0,7.0,-32.0,7.0,-5.0,3.0,17.0,0.0,-50.0,10.0,-110.0,6.0,-2.0,-40.0,-330.0,200.0,1.0,-4.0,40.0,19.0,16.0,18.0,47.0,-22.0,26.0,48.0,-46.0,0.0,-20.0
2020-05-29,2020,5,29,-140.0,-50.0,-10.0,60.0,80.0,50.0,0.0,-2.0,550.0,-2190.0,-60.0,5.0,-14.0,-60.0,-20.0,43.0,22.0,-25.0,4.0,0.0,22.0,-520.0,100.0,-10.0,11.0,1.0,-30.0,340.0,-400.0,0.0,-5.0,-330.0,-30.0,-12.0,-14.0,-7.0,-10.0,25.0,-27.0,54.0,30.0,0.0
2020-05-28,2020,5,28,270.0,470.0,165.0,-60.0,230.0,-25.0,-23.0,20.0,200.0,470.0,470.0,-155.0,32.0,250.0,31.0,-8.0,-8.0,30.0,4.0,14.0,11.0,650.0,-40.0,100.0,2.0,6.0,210.0,50.0,450.0,10.0,0.0,330.0,33.0,5.0,30.0,4.0,19.0,-9.0,15.0,25.0,50.0,30.0
2020-05-27,2020,5,27,110.0,170.0,-25.0,40.0,10.0,75.0,23.0,25.0,-400.0,-20.0,140.0,-55.0,15.0,160.0,16.0,16.0,11.0,24.0,-5.0,-20.0,33.0,550.0,140.0,330.0,3.0,17.0,160.0,120.0,-50.0,-4.0,6.0,420.0,0.0,-9.0,-6.0,-9.0,47.0,5.0,8.0,28.0,-80.0,50.0
2020-05-26,2020,5,26,290.0,550.0,95.0,30.0,-90.0,-5.0,-113.0,25.0,0.0,-1450.0,520.0,-195.0,34.0,300.0,31.0,20.0,32.0,42.0,-2.0,13.0,25.0,650.0,170.0,310.0,8.0,7.0,280.0,-470.0,500.0,-18.0,5.0,410.0,33.0,1.0,38.0,42.0,30.0,-14.0,48.0,3.0,-60.0,-80.0
2020-05-25,2020,5,25,150.0,350.0,75.0,120.0,100.0,-235.0,111.0,35.0,350.0,30.0,310.0,-130.0,16.0,250.0,25.0,31.0,20.0,25.0,1.0,-11.0,-20.0,310.0,340.0,260.0,-3.0,10.0,190.0,-740.0,650.0,7.0,-19.0,240.0,43.0,8.0,22.0,7.0,28.0,32.0,30.0,5.0,220.0,-60.0
2020-05-22,2020,5,22,-100.0,-180.0,-70.0,-120.0,190.0,195.0,7.0,-95.0,1160.0,-590.0,-160.0,65.0,-6.0,-170.0,-14.0,-2.0,-12.0,-22.0,-2.0,-13.0,-5.0,-400.0,-100.0,-260.0,-2.0,0.0,-200.0,600.0,-500.0,1.0,9.0,-240.0,-32.0,-6.0,-18.0,-37.0,-6.0,-1.0,-24.0,-1.0,-30.0,220.0
2020-05-21,2020,5,21,50.0,-50.0,20.0,50.0,120.0,40.0,7.0,8.0,-810.0,0.0,-50.0,10.0,-3.0,-50.0,-3.0,14.0,-6.0,-8.0,8.0,55.0,8.0,-20.0,10.0,-40.0,17.0,14.0,20.0,-380.0,250.0,-2.0,19.0,-30.0,13.0,9.0,-9.0,0.0,-11.0,16.0,35.0,25.0,-10.0,-30.0
2020-05-20,2020,5,20,80.0,100.0,35.0,-80.0,-80.0,15.0,14.0,12.0,250.0,-20.0,120.0,-50.0,4.0,70.0,10.0,6.0,8.0,4.0,2.0,0.0,25.0,0.0,110.0,50.0,13.0,13.0,-20.0,370.0,-100.0,-8.0,18.0,60.0,0.0,15.0,20.0,3.0,11.0,15.0,26.0,-20.0,240.0,-10.0
2020-05-19,2020,5,19,300.0,380.0,140.0,90.0,-270.0,0.0,2.0,0.0,-450.0,350.0,310.0,-130.0,24.0,270.0,28.0,24.0,24.0,38.0,-11.0,3.0,8.0,630.0,260.0,350.0,7.0,33.0,270.0,-520.0,800.0,3.0,-25.0,430.0,57.0,-13.0,56.0,47.0,68.0,3.0,81.0,25.0,10.0,240.0
2020-05-18,2020,5,18,50.0,80.0,-50.0,40.0,-100.0,-50.0,32.0,40.0,990.0,-530.0,100.0,-45.0,7.0,50.0,6.0,15.0,6.0,7.0,-6.0,67.0,7.0,70.0,100.0,50.0,16.0,3.0,0.0,-550.0,300.0,10.0,2.0,-100.0,23.0,3.0,15.0,14.0,15.0,37.0,18.0,-12.0,175.0,10.0
2020-05-15,2020,5,15,-20.0,150.0,10.0,-130.0,-20.0,-65.0,-39.0,0.0,-630.0,-1220.0,120.0,-65.0,12.0,60.0,6.0,-35.0,-1.0,9.0,5.0,-45.0,-18.0,50.0,100.0,50.0,-1.0,-5.0,30.0,-750.0,630.0,-3.0,1.0,90.0,42.0,7.0,29.0,-7.0,28.0,14.0,18.0,0.0,185.0,175.0
2020-05-14,2020,5,14,-250.0,-350.0,-70.0,50.0,20.0,80.0,15.0,-99.0,390.0,1050.0,-360.0,140.0,-28.0,-220.0,-29.0,-15.0,-26.0,-40.0,9.0,11.0,-6.0,-560.0,-320.0,-320.0,19.0,-9.0,-190.0,1140.0,-580.0,17.0,-13.0,-380.0,-47.0,5.0,-40.0,-15.0,-48.0,-24.0,-53.0,-20.0,10.0,185.0
2020-05-13,2020,5,13,20.0,-140.0,-65.0,-100.0,140.0,-15.0,-53.0,52.0,-500.0,-710.0,-100.0,50.0,-3.0,-30.0,-1.0,-42.0,6.0,-17.0,7.0,-2.0,3.0,-80.0,-60.0,-60.0,8.0,-7.0,-60.0,970.0,-800.0,-15.0,-1.0,-120.0,-50.0,-4.0,-42.0,-10.0,-80.0,7.0,-40.0,10.0,195.0,10.0
2020-05-12,2020,5,12,-20.0,-20.0,-40.0,-140.0,-20.0,-80.0,35.0,-22.0,1160.0,1670.0,0.0,-5.0,-2.0,-20.0,-4.0,-28.0,-7.0,-8.0,-1.0,1.0,23.0,-300.0,0.0,-80.0,-7.0,-16.0,-10.0,-220.0,-50.0,10.0,23.0,-120.0,-7.0,16.0,-9.0,4.0,-48.0,-1.0,48.0,-23.0,60.0,195.0
2020-05-11,2020,5,11,250.0,200.0,-55.0,160.0,-180.0,10.0,-66.0,24.0,240.0,60.0,200.0,-95.0,22.0,230.0,22.0,2.0,38.0,42.0,-14.0,0.0,27.0,680.0,420.0,330.0,-22.0,-1.0,210.0,-560.0,350.0,-11.0,17.0,420.0,24.0,-11.0,26.0,15.0,23.0,7.0,-10.0,-5.0,-85.0,60.0
2020-05-08,2020,5,8,270.0,550.0,25.0,120.0,350.0,-75.0,79.0,35.0,100.0,410.0,460.0,-210.0,28.0,340.0,33.0,112.0,26.0,37.0,13.0,-7.0,-8.0,610.0,320.0,310.0,3.0,31.0,300.0,-770.0,750.0,6.0,-4.0,370.0,50.0,10.0,44.0,24.0,-20.0,-2.0,49.0,45.0,-50.0,-85.0
2020-05-07,2020,5,7,-320.0,30.0,-30.0,-100.0,-190.0,15.0,-24.0,-37.0,-520.0,410.0,20.0,-5.0,-1.0,-120.0,-8.0,-21.0,-16.0,-48.0,-8.0,-46.0,-35.0,-550.0,20.0,-170.0,-25.0,-16.0,-80.0,-540.0,-300.0,1.0,-26.0,-260.0,-20.0,-10.0,-20.0,-5.0,-66.0,39.0,3.0,10.0,55.0,-50.0
2020-05-01,2020,5,1,-140.0,-560.0,-10.0,-360.0,350.0,-10.0,-24.0,-40.0,-580.0,80.0,-510.0,220.0,-33.0,-260.0,-28.0,-18.0,-18.0,-46.0,4.0,58.0,12.0,-770.0,-250.0,-450.0,0.0,-10.0,-380.0,1440.0,-900.0,1.0,2.0,-530.0,-62.0,2.0,-71.0,-77.0,-9.0,-7.0,-75.0,-19.0,-25.0,55.0
2020-04-30,2020,4,30,190.0,440.0,-60.0,220.0,-260.0,70.0,47.0,38.0,0.0,-550.0,390.0,-175.0,13.0,140.0,14.0,24.0,-15.0,29.0,6.0,0.0,-3.0,470.0,270.0,250.0,16.0,43.0,210.0,-920.0,750.0,11.0,-6.0,320.0,55.0,-20.0,72.0,64.0,57.0,7.0,113.0,19.0,10.0,-25.0
2020-04-28,2020,4,28,-190.0,-80.0,-30.0,0.0,220.0,-5.0,-54.0,26.0,600.0,100.0,0.0,-10.0,2.0,-30.0,0.0,-19.0,2.0,7.0,-3.0,0.0,25.0,-20.0,150.0,40.0,-15.0,-7.0,-10.0,-690.0,0.0,-20.0,5.0,40.0,2.0,-2.0,1.0,-3.0,37.0,14.0,23.0,-1.0,100.0,10.0
2020-04-27,2020,4,27,520.0,570.0,0.0,150.0,-80.0,10.0,-15.0,-9.0,-90.0,-1980.0,430.0,-230.0,28.0,270.0,27.0,30.0,13.0,30.0,-8.0,-8.0,-2.0,540.0,180.0,260.0,14.0,10.0,230.0,-1660.0,980.0,0.0,-13.0,380.0,64.0,-2.0,58.0,27.0,37.0,8.0,49.0,-16.0,-50.0,100.0
2020-04-24,2020,4,24,20.0,-130.0,-10.0,-260.0,-110.0,-5.0,-104.0,-58.0,-440.0,1360.0,-130.0,70.0,-1.0,-40.0,-3.0,-16.0,-1.0,-3.0,-2.0,19.0,19.0,110.0,-30.0,-10.0,-4.0,-3.0,-50.0,290.0,-330.0,11.0,-20.0,-60.0,-20.0,5.0,-19.0,-21.0,-27.0,-8.0,-13.0,1.0,85.0,-50.0
2020-04-23,2020,4,23,0.0,270.0,0.0,-90.0,70.0,-225.0,0.0,70.0,410.0,-4980.0,250.0,-140.0,19.0,190.0,20.0,36.0,6.0,7.0,1.0,-2.0,-11.0,470.0,250.0,300.0,0.0,13.0,200.0,-400.0,460.0,1.0,-4.0,320.0,32.0,-2.0,28.0,24.0,18.0,46.0,34.0,40.0,280.0,85.0
2020-04-22,2020,4,22,-10.0,-160.0,-50.0,0.0,90.0,-175.0,59.0,-160.0,-880.0,-50.0,-130.0,65.0,-12.0,-140.0,-13.0,-8.0,-2.0,-1.0,-1.0,21.0,-19.0,-210.0,-180.0,-140.0,6.0,-29.0,-130.0,500.0,-410.0,-7.0,18.0,-150.0,-26.0,-12.0,-24.0,7.0,-7.0,-15.0,-24.0,-22.0,-35.0,280.0
2020-04-21,2020,4,21,-130.0,-380.0,40.0,-10.0,-290.0,190.0,80.0,40.0,-300.0,2550.0,-350.0,170.0,-16.0,-160.0,-16.0,-51.0,-5.0,-17.0,4.0,-39.0,-14.0,-280.0,-150.0,-90.0,-27.0,-46.0,-160.0,1400.0,-750.0,7.0,-53.0,-190.0,-56.0,23.0,-48.0,-46.0,-109.0,-28.0,-36.0,-18.0,-240.0,-35.0
2020-04-20,2020,4,20,-100.0,-200.0,-125.0,-340.0,-100.0,190.0,20.0,-44.0,890.0,-700.0,-180.0,100.0,-10.0,-10.0,-10.0,17.0,-15.0,-18.0,13.0,14.0,17.0,-90.0,50.0,-30.0,16.0,-6.0,-90.0,460.0,-200.0,-12.0,15.0,-70.0,-18.0,-10.0,-4.0,-9.0,26.0,17.0,-3.0,25.0,70.0,-240.0
2020-04-17,2020,4,17,30.0,560.0,15.0,240.0,140.0,-40.0,11.0,44.0,-1790.0,0.0,500.0,-275.0,20.0,130.0,15.0,28.0,8.0,26.0,-13.0,-14.0,-7.0,220.0,180.0,160.0,8.0,-1.0,190.0,-660.0,950.0,-5.0,16.0,160.0,69.0,-5.0,55.0,36.0,30.0,3.0,60.0,-3.0,195.0,70.0
2020-04-16,2020,4,16,-10.0,-240.0,115.0,60.0,-140.0,50.0,36.0,20.0,2700.0,-1850.0,-230.0,120.0,-12.0,-150.0,-8.0,14.0,-10.0,-14.0,16.0,-3.0,7.0,-370.0,120.0,-120.0,-3.0,-3.0,-160.0,1110.0,-250.0,7.0,-3.0,-220.0,-13.0,19.0,-22.0,-9.0,-50.0,18.0,-10.0,-4.0,150.0,195.0
2020-04-15,2020,4,15,80.0,-70.0,-10.0,-300.0,210.0,20.0,-17.0,10.0,0.0,5240.0,-60.0,20.0,2.0,160.0,0.0,-13.0,14.0,-7.0,7.0,11.0,22.0,-240.0,-140.0,-90.0,-6.0,-40.0,20.0,-640.0,100.0,0.0,-7.0,-100.0,5.0,2.0,-9.0,-8.0,1.0,-2.0,-7.0,1.0,-110.0,150.0
2020-04-14,2020,4,14,330.0,570.0,75.0,50.0,-10.0,80.0,9.0,70.0,500.0,150.0,520.0,-285.0,29.0,-110.0,30.0,2.0,29.0,11.0,-12.0,-20.0,-20.0,330.0,180.0,150.0,-6.0,-4.0,200.0,-1130.0,620.0,8.0,-9.0,210.0,47.0,-15.0,35.0,18.0,-50.0,24.0,57.0,0.0,20.0,-110.0
2020-04-13,2020,4,13,-340.0,-430.0,85.0,10.0,300.0,0.0,-9.0,-139.0,-500.0,-1670.0,-400.0,210.0,-28.0,50.0,-26.0,12.0,-20.0,-15.0,8.0,1.0,18.0,-430.0,-130.0,-210.0,-10.0,20.0,-200.0,330.0,-620.0,-12.0,-18.0,-270.0,-44.0,-1.0,-41.0,-21.0,4.0,5.0,-25.0,-11.0,45.0,20.0
2020-04-10,2020,4,10,120.0,150.0,-95.0,330.0,0.0,10.0,-10.0,59.0,500.0,1710.0,140.0,-70.0,15.0,-10.0,16.0,-16.0,9.0,13.0,-6.0,-20.0,-27.0,210.0,180.0,250.0,75.0,121.0,180.0,-720.0,400.0,29.0,3.0,230.0,22.0,-22.0,38.0,12.0,103.0,5.0,5.0,11.0,120.0,45.0
2020-04-09,2020,4,9,-110.0,-10.0,120.0,270.0,-1000.0,-5.0,41.0,0.0,-1200.0,740.0,-30.0,5.0,-6.0,310.0,-8.0,-3.0,-26.0,-26.0,-35.0,-27.0,37.0,-20.0,-50.0,-270.0,5.0,2.0,-170.0,100.0,700.0,1.0,2.0,-10.0,51.0,4.0,33.0,2.0,80.0,13.0,30.0,23.0,-105.0,120.0
2020-04-08,2020,4,8,320.0,390.0,130.0,0.0,250.0,155.0,19.0,61.0,200.0,-620.0,340.0,-200.0,19.0,150.0,18.0,80.0,42.0,25.0,6.0,-3.0,29.0,50.0,280.0,250.0,28.0,16.0,230.0,440.0,160.0,-9.0,10.0,-10.0,14.0,3.0,15.0,10.0,3.0,15.0,-12.0,-4.0,-115.0,-105.0
2020-04-07,2020,4,7,-40.0,370.0,-65.0,220.0,-510.0,0.0,18.0,2.0,-2000.0,330.0,290.0,-180.0,24.0,510.0,25.0,50.0,5.0,29.0,-4.0,95.0,49.0,650.0,730.0,-140.0,29.0,48.0,210.0,190.0,750.0,11.0,-2.0,270.0,53.0,-38.0,55.0,75.0,87.0,8.0,35.0,96.0,25.0,-115.0
2020-04-06,2020,4,6,400.0,760.0,50.0,-230.0,250.0,-40.0,42.0,-33.0,-3500.0,120.0,620.0,-490.0,56.0,-100.0,56.0,-21.0,49.0,41.0,-4.0,-164.0,-11.0,250.0,-350.0,770.0,-22.0,34.0,410.0,-2180.0,1230.0,-18.0,7.0,220.0,87.0,4.0,43.0,5.0,1.0,23.0,-9.0,-8.0,20.0,25.0
2020-04-03,2020,4,3,180.0,-10.0,-30.0,-610.0,160.0,-15.0,-5.0,-45.0,4200.0,0.0,20.0,-10.0,-6.0,-150.0,-3.0,-9.0,16.0,-5.0,4.0,-114.0,-35.0,-230.0,-60.0,-290.0,3.0,-75.0,-160.0,20.0,240.0,-16.0,-6.0,-60.0,19.0,42.0,28.0,23.0,-19.0,-13.0,78.0,-9.0,160.0,20.0
2020-04-02,2020,4,2,70.0,-250.0,130.0,740.0,-990.0,35.0,7.0,16.0,-500.0,-140.0,-210.0,140.0,-22.0,-670.0,-20.0,-30.0,-12.0,-28.0,0.0,-3.0,-35.0,-450.0,-50.0,-180.0,-33.0,-28.0,-210.0,-430.0,-180.0,10.0,7.0,-430.0,-13.0,-5.0,-26.0,-3.0,-51.0,-10.0,46.0,-21.0,-110.0,160.0
2020-04-01,2020,4,1,-840.0,-780.0,-135.0,-30.0,1000.0,40.0,-43.0,-30.0,1030.0,120.0,-700.0,375.0,-60.0,130.0,-54.0,-130.0,-58.0,-74.0,5.0,-32.0,-11.0,-1000.0,50.0,-600.0,40.0,2.0,-350.0,-210.0,-1340.0,19.0,-2.0,-670.0,-98.0,0.0,-58.0,-29.0,-51.0,-1.0,-55.0,-132.0,-165.0,-110.0
2020-03-31,2020,3,31,-200.0,-150.0,-15.0,390.0,-1210.0,-50.0,50.0,70.0,1270.0,130.0,-130.0,105.0,-28.0,-220.0,-39.0,52.0,-6.0,-13.0,-6.0,119.0,4.0,-440.0,-600.0,-200.0,56.0,-10.0,-50.0,110.0,610.0,9.0,18.0,-520.0,45.0,7.0,23.0,3.0,27.0,11.0,10.0,52.0,35.0,-165.0
2020-03-30,2020,3,30,140.0,120.0,-295.0,-1250.0,1220.0,-130.0,-79.0,-35.0,100.0,30.0,50.0,-80.0,2.0,240.0,3.0,54.0,-2.0,5.0,37.0,-1.0,42.0,-190.0,-850.0,0.0,31.0,59.0,-190.0,0.0,-420.0,2.0,0.0,280.0,-28.0,26.0,-33.0,-35.0,31.0,-10.0,-24.0,-60.0,110.0,35.0
2020-03-27,2020,3,27,210.0,370.0,-100.0,750.0,500.0,105.0,53.0,-36.0,-630.0,680.0,330.0,-195.0,58.0,120.0,49.0,-78.0,17.0,21.0,1.0,50.0,-15.0,560.0,1550.0,180.0,-55.0,47.0,330.0,-1790.0,970.0,-21.0,-2.0,340.0,63.0,-59.0,77.0,9.0,39.0,13.0,31.0,-30.0,310.0,110.0
2020-03-26,2020,3,26,-40.0,-840.0,35.0,510.0,120.0,115.0,69.0,-173.0,2690.0,-380.0,-740.0,400.0,-23.0,690.0,-21.0,-64.0,-17.0,-4.0,24.0,-40.0,65.0,-470.0,350.0,170.0,83.0,85.0,-160.0,3260.0,-180.0,-10.0,32.0,-240.0,-6.0,-17.0,3.0,8.0,49.0,-32.0,-5.0,-60.0,-95.0,310.0
2020-03-25,2020,3,25,880.0,1470.0,-110.0,-1490.0,-790.0,-285.0,109.0,233.0,-660.0,-20.0,1200.0,-905.0,85.0,370.0,90.0,146.0,83.0,64.0,9.0,30.0,38.0,1580.0,160.0,670.0,67.0,50.0,820.0,-2190.0,1820.0,0.0,-5.0,1170.0,129.0,38.0,114.0,85.0,107.0,23.0,123.0,124.0,185.0,-95.0
2020-03-24,2020,3,24,50.0,1210.0,625.0,110.0,400.0,-15.0,39.0,49.0,-2000.0,0.0,960.0,-940.0,37.0,0.0,45.0,169.0,10.0,94.0,-2.0,0.0,-4.0,1060.0,-130.0,400.0,130.0,66.0,300.0,-5000.0,1060.0,-14.0,-10.0,670.0,84.0,3.0,73.0,56.0,22.0,37.0,101.0,56.0,235.0,185.0
2020-03-23,2020,3,23,150.0,140.0,25.0,10.0,250.0,-635.0,-11.0,-93.0,-2500.0,30.0,210.0,-230.0,-4.0,120.0,6.0,121.0,-3.0,5.0,81.0,-14.0,11.0,120.0,-820.0,-50.0,-32.0,-104.0,0.0,-4450.0,-1220.0,-1.0,-12.0,140.0,-81.0,96.0,-45.0,22.0,-60.0,1.0,25.0,220.0,15.0,235.0
2020-03-19,2020,3,19,-540.0,0.0,-355.0,40.0,-1050.0,700.0,-39.0,108.0,-950.0,70.0,-100.0,130.0,28.0,30.0,10.0,-215.0,59.0,38.0,-40.0,-60.0,26.0,400.0,810.0,170.0,-159.0,-142.0,-30.0,5000.0,-230.0,-39.0,-1.0,-80.0,-26.0,-9.0,-33.0,-77.0,-28.0,-11.0,-70.0,-235.0,-290.0,15.0
2020-03-18,2020,3,18,670.0,-300.0,240.0,-170.0,-200.0,-675.0,19.0,-161.0,700.0,30.0,-180.0,170.0,-36.0,290.0,6.0,-116.0,13.0,-21.0,-25.0,-20.0,32.0,-10.0,300.0,210.0,-60.0,6.0,120.0,4000.0,-950.0,20.0,5.0,-200.0,-65.0,21.0,-74.0,-24.0,-196.0,-7.0,-51.0,-145.0,-35.0,-290.0
2020-03-17,2020,3,17,200.0,-370.0,-450.0,-130.0,200.0,660.0,-189.0,178.0,-1850.0,100.0,30.0,-20.0,80.0,200.0,43.0,-28.0,69.0,12.0,14.0,-60.0,-60.0,380.0,-680.0,-300.0,-20.0,-13.0,30.0,380.0,90.0,20.0,-26.0,200.0,8.0,-51.0,-24.0,-37.0,-1.0,31.0,20.0,-80.0,110.0,-35.0
2020-03-16,2020,3,16,-540.0,-30.0,410.0,130.0,270.0,-555.0,185.0,69.0,1150.0,0.0,-430.0,340.0,-29.0,-1070.0,-33.0,-16.0,-43.0,-6.0,-31.0,-2.0,-31.0,-410.0,-550.0,360.0,82.0,-37.0,40.0,1700.0,-60.0,-35.0,-9.0,-700.0,0.0,59.0,19.0,-35.0,-20.0,-16.0,-40.0,180.0,-175.0,110.0
2020-03-13,2020,3,13,-120.0,-1140.0,-305.0,-130.0,-760.0,45.0,-190.0,-200.0,50.0,270.0,-1170.0,670.0,-68.0,-490.0,-67.0,-196.0,-76.0,-103.0,-32.0,-16.0,-56.0,-1350.0,-230.0,-660.0,-46.0,-4.0,-590.0,2020.0,-790.0,-21.0,0.0,-70.0,-58.0,8.0,-70.0,-15.0,-108.0,-34.0,-67.0,-193.0,-15.0,-175.0
2020-03-12,2020,3,12,-620.0,-860.0,85.0,80.0,-150.0,-265.0,-5.0,-50.0,0.0,-10.0,-540.0,445.0,-59.0,-220.0,-57.0,-136.0,-49.0,-30.0,-15.0,5.0,-26.0,-1140.0,220.0,-630.0,-196.0,-143.0,-470.0,1570.0,-1580.0,20.0,-16.0,-960.0,-115.0,-30.0,-102.0,-103.0,-154.0,-13.0,-125.0,-158.0,-135.0,-15.0
2020-03-11,2020,3,11,-270.0,-490.0,-60.0,-40.0,-580.0,45.0,-2.0,0.0,750.0,410.0,-460.0,205.0,-18.0,180.0,-21.0,15.0,-11.0,-70.0,16.0,-12.0,24.0,-330.0,-780.0,-120.0,-25.0,-26.0,-150.0,1880.0,-770.0,-2.0,-9.0,-270.0,-61.0,4.0,-238.0,-17.0,35.0,-25.0,-53.0,-219.0,-65.0,-135.0
2020-03-10,2020,3,10,260.0,250.0,10.0,-130.0,0.0,-50.0,-38.0,-177.0,-1500.0,-40.0,240.0,-125.0,17.0,-720.0,17.0,-14.0,13.0,52.0,-93.0,8.0,-64.0,150.0,-480.0,190.0,-101.0,5.0,150.0,-500.0,880.0,-1.0,-16.0,250.0,74.0,-8.0,187.0,5.0,-97.0,14.0,-130.0,236.0,240.0,-65.0
2020-03-09,2020,3,9,-650.0,-1080.0,-200.0,130.0,-10.0,20.0,-158.0,-92.0,-1550.0,270.0,-1060.0,465.0,-85.0,-360.0,-85.0,-160.0,-69.0,-88.0,95.0,-59.0,-38.0,-1920.0,20.0,-920.0,21.0,-90.0,-630.0,1500.0,-2590.0,24.0,0.0,-1130.0,-193.0,-11.0,-181.0,-118.0,-108.0,-56.0,-15.0,-109.0,-325.0,240.0
2020-03-06,2020,3,6,-390.0,-610.0,-180.0,-230.0,-100.0,-80.0,-7.0,-31.0,-1700.0,-1010.0,-580.0,235.0,-43.0,100.0,-43.0,-39.0,-42.0,-56.0,37.0,12.0,17.0,-1060.0,-60.0,-480.0,21.0,-21.0,-340.0,1370.0,-1700.0,-29.0,-2.0,-690.0,-126.0,0.0,-61.0,-87.0,-68.0,-19.0,-111.0,-27.0,-50.0,-325.0
2020-03-05,2020,3,5,150.0,240.0,5.0,-120.0,290.0,80.0,15.0,-9.0,200.0,1260.0,230.0,-95.0,10.0,-70.0,13.0,48.0,14.0,10.0,-14.0,-12.0,-6.0,150.0,-210.0,20.0,-9.0,19.0,130.0,100.0,650.0,-9.0,-6.0,50.0,48.0,-1.0,35.0,26.0,46.0,9.0,25.0,35.0,-35.0,-50.0
2020-03-04,2020,3,4,0.0,-20.0,-60.0,-20.0,0.0,-50.0,-51.0,49.0,-100.0,220.0,10.0,-10.0,-9.0,-90.0,-4.0,21.0,0.0,0.0,30.0,3.0,-11.0,-50.0,440.0,-160.0,42.0,-9.0,-70.0,240.0,-350.0,-5.0,26.0,-20.0,-21.0,7.0,-4.0,6.0,-14.0,6.0,-38.0,0.0,75.0,-35.0
2020-03-03,2020,3,3,-410.0,-210.0,120.0,80.0,-310.0,-30.0,1.0,25.0,-1150.0,280.0,-240.0,105.0,-14.0,70.0,-22.0,24.0,-16.0,-22.0,-4.0,17.0,21.0,-400.0,-650.0,-200.0,-19.0,30.0,-110.0,170.0,750.0,2.0,-6.0,-430.0,54.0,-10.0,41.0,7.0,76.0,-9.0,32.0,-136.0,-50.0,75.0
2020-03-02,2020,3,2,290.0,230.0,55.0,-60.0,-110.0,-40.0,-13.0,14.0,1850.0,340.0,280.0,-130.0,16.0,-490.0,14.0,-9.0,26.0,6.0,27.0,44.0,-64.0,-100.0,-400.0,210.0,27.0,2.0,170.0,-300.0,500.0,15.0,6.0,230.0,31.0,25.0,20.0,24.0,-42.0,25.0,48.0,-32.0,50.0,-50.0
2020-02-28,2020,2,28,-510.0,-860.0,-200.0,0.0,0.0,-20.0,-37.0,-179.0,-1100.0,0.0,-910.0,335.0,-57.0,-280.0,-55.0,-122.0,-66.0,-74.0,8.0,1.0,-30.0,-850.0,-90.0,-650.0,-9.0,-36.0,-520.0,1000.0,-2100.0,-2.0,-2.0,-700.0,-145.0,-26.0,-154.0,-79.0,-135.0,-37.0,-117.0,-27.0,-70.0,50.0
2020-02-27,2020,2,27,-330.0,-460.0,-115.0,-20.0,-110.0,-75.0,-137.0,-14.0,500.0,0.0,-490.0,155.0,-39.0,-180.0,-40.0,-38.0,-42.0,-36.0,9.0,18.0,-16.0,-700.0,-580.0,-450.0,8.0,-8.0,-260.0,460.0,-950.0,0.0,5.0,-480.0,-71.0,0.0,-35.0,-30.0,-50.0,-23.0,-67.0,-30.0,-30.0,-70.0
2020-02-26,2020,2,26,-140.0,-170.0,-95.0,-30.0,160.0,-55.0,57.0,-16.0,-750.0,-5660.0,-180.0,65.0,-11.0,-480.0,-11.0,-33.0,-13.0,-10.0,13.0,-9.0,-47.0,-250.0,-20.0,-130.0,-4.0,-13.0,-120.0,690.0,-1300.0,15.0,-8.0,-200.0,-91.0,-20.0,-78.0,-29.0,-75.0,-15.0,-63.0,9.0,-135.0,-30.0
2020-02-25,2020,2,25,-450.0,-800.0,-170.0,0.0,0.0,10.0,-59.0,-40.0,450.0,0.0,-810.0,230.0,-56.0,-20.0,-56.0,-25.0,-53.0,-51.0,15.0,-32.0,3.0,-850.0,-60.0,-550.0,-3.0,-21.0,-410.0,660.0,-1450.0,-7.0,-1.0,-640.0,-105.0,9.0,-94.0,-64.0,-44.0,-20.0,-118.0,4.0,-20.0,-135.0
2020-02-21,2020,2,21,20.0,-80.0,20.0,10.0,0.0,65.0,-27.0,-10.0,-400.0,4470.0,-110.0,25.0,0.0,10.0,-1.0,-1.0,0.0,7.0,11.0,6.0,-4.0,150.0,130.0,60.0,12.0,1.0,20.0,305.0,-150.0,6.0,20.0,60.0,-9.0,32.0,-1.0,-17.0,46.0,5.0,-3.0,13.0,-60.0,-20.0
2020-02-20,2020,2,20,10.0,50.0,50.0,170.0,-290.0,15.0,7.0,-47.0,200.0,100.0,100.0,-25.0,2.0,110.0,4.0,4.0,-11.0,7.0,1.0,25.0,14.0,50.0,-250.0,0.0,-4.0,0.0,-10.0,80.0,500.0,14.0,-2.0,0.0,35.0,31.0,25.0,18.0,-13.0,-6.0,24.0,5.0,70.0,-60.0
2020-02-19,2020,2,19,60.0,240.0,30.0,-150.0,160.0,10.0,-20.0,57.0,400.0,360.0,210.0,-65.0,6.0,-230.0,6.0,5.0,11.0,3.0,-3.0,13.0,-18.0,-100.0,-200.0,20.0,2.0,-3.0,90.0,-5.0,200.0,-2.0,-9.0,-50.0,16.0,3.0,14.0,13.0,7.0,14.0,6.0,-7.0,-5.0,70.0
2020-02-18,2020,2,18,-190.0,-320.0,-100.0,20.0,140.0,-130.0,-16.0,0.0,600.0,-360.0,-370.0,105.0,-23.0,-80.0,-22.0,4.0,-16.0,-21.0,3.0,15.0,-7.0,-200.0,-160.0,-170.0,3.0,2.0,-150.0,110.0,-200.0,-7.0,-16.0,-160.0,-18.0,1.0,-16.0,-27.0,-1.0,-12.0,-26.0,26.0,125.0,-5.0
2020-02-17,2020,2,17,-130.0,-150.0,50.0,260.0,-140.0,-40.0,0.0,40.0,1450.0,0.0,-150.0,35.0,-12.0,-100.0,-14.0,2.0,-17.0,-5.0,3.0,-11.0,-11.0,-150.0,-60.0,-150.0,-1.0,1.0,-90.0,-100.0,50.0,23.0,9.0,-80.0,5.0,8.0,3.0,6.0,31.0,-9.0,-6.0,-7.0,-35.0,125.0
2020-02-14,2020,2,14,-70.0,-150.0,0.0,-120.0,210.0,140.0,5.0,-70.0,-1050.0,100.0,-160.0,40.0,-10.0,-40.0,-11.0,3.0,-9.0,-10.0,2.0,-33.0,-6.0,-150.0,-10.0,-10.0,0.0,-2.0,-80.0,-40.0,200.0,9.0,8.0,-130.0,13.0,6.0,8.0,4.0,18.0,-16.0,1.0,15.0,-75.0,-35.0
2020-02-13,2020,2,13,-50.0,-40.0,0.0,10.0,30.0,-80.0,-129.0,10.0,-300.0,50.0,-40.0,20.0,-7.0,-30.0,-7.0,6.0,-6.0,-2.0,3.0,7.0,-5.0,-150.0,-80.0,-110.0,6.0,3.0,-50.0,-90.0,0.0,16.0,0.0,-110.0,0.0,0.0,6.0,-6.0,6.0,7.0,15.0,4.0,-35.0,-75.0
2020-02-12,2020,2,12,-30.0,170.0,40.0,-90.0,0.0,30.0,17.0,25.0,-650.0,-50.0,170.0,-50.0,-1.0,-100.0,-2.0,10.0,-11.0,-12.0,-4.0,-14.0,-8.0,-150.0,-130.0,-80.0,-2.0,6.0,-30.0,-140.0,450.0,-19.0,0.0,-200.0,30.0,-7.0,27.0,36.0,25.0,8.0,48.0,-36.0,60.0,-35.0
2020-02-10,2020,2,10,-90.0,-150.0,-30.0,-100.0,-10.0,5.0,123.0,-15.0,-2450.0,0.0,-150.0,40.0,-11.0,-40.0,-9.0,2.0,-16.0,-7.0,7.0,-10.0,-11.0,-300.0,180.0,-120.0,10.0,0.0,-100.0,55.0,-200.0,2.0,15.0,-130.0,-12.0,9.0,-17.0,-10.0,-6.0,-5.0,-42.0,24.0,-70.0,60.0
2020-02-07,2020,2,7,-30.0,-70.0,-10.0,130.0,-300.0,165.0,23.0,0.0,-1250.0,1770.0,-50.0,10.0,-8.0,270.0,-6.0,11.0,-3.0,-13.0,6.0,-10.0,31.0,-200.0,200.0,-110.0,0.0,-3.0,-70.0,85.0,-100.0,-24.0,-6.0,-150.0,-12.0,4.0,-10.0,-28.0,5.0,-1.0,-24.0,15.0,-25.0,-70.0
2020-02-06,2020,2,6,130.0,560.0,95.0,-150.0,10.0,-60.0,19.0,20.0,100.0,-1770.0,580.0,-165.0,35.0,210.0,15.0,-22.0,10.0,18.0,-17.0,9.0,22.0,800.0,130.0,420.0,-2.0,15.0,290.0,-330.0,850.0,18.0,5.0,500.0,44.0,4.0,33.0,10.0,-6.0,5.0,24.0,13.0,-15.0,-25.0
2020-02-05,2020,2,5,150.0,240.0,40.0,-10.0,-10.0,-75.0,76.0,59.0,900.0,0.0,270.0,-85.0,18.0,70.0,21.0,6.0,20.0,23.0,-4.0,-10.0,6.0,350.0,-150.0,130.0,-7.0,5.0,130.0,-50.0,400.0,-25.0,-5.0,240.0,37.0,0.0,37.0,15.0,33.0,5.0,91.0,2.0,-40.0,-15.0
2020-02-04,2020,2,4,70.0,120.0,-30.0,100.0,-240.0,-35.0,20.0,-27.0,0.0,90.0,130.0,-30.0,12.0,-90.0,12.0,-1.0,7.0,10.0,-6.0,29.0,-8.0,-50.0,190.0,80.0,-5.0,2.0,80.0,-50.0,300.0,-14.0,10.0,60.0,20.0,-1.0,6.0,37.0,6.0,4.0,27.0,-2.0,65.0,-40.0
2020-02-03,2020,2,3,-60.0,-230.0,-60.0,-180.0,70.0,-130.0,-13.0,-41.0,-950.0,-450.0,-240.0,70.0,-12.0,80.0,-12.0,-16.0,-11.0,-14.0,12.0,-18.0,17.0,-250.0,-300.0,-180.0,22.0,-6.0,-100.0,270.0,-550.0,-2.0,1.0,-140.0,-42.0,1.0,-40.0,-26.0,-25.0,-1.0,-50.0,-1.0,-25.0,65.0
2020-01-31,2020,1,31,60.0,240.0,20.0,0.0,-120.0,115.0,5.0,21.0,-2050.0,70.0,230.0,-80.0,14.0,-200.0,9.0,15.0,19.0,7.0,-2.0,-7.0,-26.0,50.0,-60.0,200.0,-14.0,1.0,130.0,-260.0,350.0,-24.0,3.0,150.0,29.0,0.0,35.0,0.0,2.0,8.0,-2.0,15.0,170.0,-25.0
2020-01-30,2020,1,30,-220.0,-410.0,-80.0,70.0,-50.0,-55.0,-1.0,-62.0,3950.0,20.0,-440.0,125.0,-29.0,80.0,-25.0,4.0,-23.0,-23.0,12.0,-7.0,8.0,-250.0,-10.0,-210.0,15.0,-2.0,-180.0,180.0,-350.0,-1.0,-8.0,-250.0,-31.0,9.0,-26.0,-46.0,-10.0,-10.0,-58.0,-1.0,580.0,170.0
2020-01-29,2020,1,29,50.0,150.0,155.0,20.0,-140.0,-120.0,30.0,30.0,150.0,320.0,160.0,-40.0,7.0,-110.0,5.0,9.0,2.0,6.0,-4.0,3.0,-12.0,150.0,-300.0,70.0,-3.0,15.0,80.0,-120.0,300.0,-16.0,-10.0,110.0,25.0,5.0,17.0,27.0,4.0,-13.0,24.0,19.0,-65.0,580.0
2020-01-28,2020,1,28,-130.0,-110.0,-155.0,30.0,100.0,-70.0,-123.0,-40.0,550.0,0.0,-100.0,25.0,-9.0,-240.0,-7.0,6.0,-7.0,-11.0,3.0,18.0,-25.0,-250.0,-50.0,-120.0,5.0,-10.0,-110.0,-50.0,0.0,5.0,11.0,-130.0,-2.0,6.0,-12.0,-18.0,0.0,-1.0,-27.0,22.0,-90.0,-65.0
2020-01-27,2020,1,27,-280.0,-470.0,-35.0,60.0,30.0,10.0,-16.0,-23.0,-3700.0,-200.0,-550.0,140.0,-27.0,10.0,-29.0,-6.0,-16.0,-26.0,20.0,28.0,4.0,-450.0,-100.0,-280.0,3.0,-15.0,-190.0,640.0,-900.0,7.0,-1.0,-340.0,-63.0,9.0,-50.0,-67.0,-22.0,-13.0,-57.0,-7.0,5.0,-90.0
2020-01-24,2020,1,24,120.0,10.0,-40.0,0.0,140.0,80.0,129.0,-37.0,6500.0,-70.0,30.0,-10.0,0.0,-140.0,-1.0,14.0,-3.0,-4.0,0.0,-30.0,-13.0,-150.0,100.0,-50.0,1.0,2.0,30.0,-150.0,150.0,-1.0,-5.0,-40.0,10.0,-1.0,15.0,7.0,14.0,-6.0,7.0,-3.0,60.0,5.0
2020-01-23,2020,1,23,-100.0,-220.0,-10.0,30.0,-20.0,10.0,-53.0,0.0,0.0,70.0,-250.0,65.0,-16.0,110.0,-14.0,-1.0,-12.0,-17.0,5.0,37.0,14.0,-300.0,-40.0,-180.0,7.0,0.0,-110.0,190.0,-350.0,-9.0,-32.0,-240.0,-27.0,0.0,-35.0,-38.0,-23.0,-4.0,-31.0,8.0,-95.0,60.0
2020-01-22,2020,1,22,160.0,160.0,5.0,20.0,-540.0,90.0,-17.0,0.0,600.0,150.0,200.0,-45.0,10.0,-120.0,8.0,15.0,4.0,7.0,0.0,-28.0,-14.0,100.0,110.0,90.0,5.0,-4.0,80.0,-130.0,250.0,18.0,18.0,20.0,21.0,-4.0,23.0,16.0,21.0,-1.0,18.0,-10.0,10.0,-95.0
2020-01-21,2020,1,21,-120.0,-240.0,5.0,160.0,330.0,0.0,-23.0,19.0,-300.0,10.0,-280.0,60.0,-8.0,80.0,-8.0,-1.0,-11.0,-14.0,5.0,-10.0,9.0,-200.0,50.0,-140.0,1.0,-3.0,-100.0,90.0,-200.0,-1.0,18.0,-120.0,-19.0,3.0,-17.0,-33.0,-4.0,-5.0,-26.0,-10.0,40.0,10.0
2020-01-20,2020,1,20,90.0,60.0,0.0,-150.0,50.0,10.0,44.0,-29.0,350.0,30.0,50.0,-5.0,8.0,70.0,8.0,11.0,9.0,12.0,3.0,0.0,7.0,100.0,0.0,140.0,1.0,-2.0,60.0,10.0,100.0,12.0,-34.0,150.0,10.0,3.0,5.0,6.0,5.0,1.0,24.0,-12.0,125.0,40.0
2020-01-17,2020,1,17,-20.0,110.0,20.0,140.0,-290.0,10.0,68.0,-19.0,-600.0,300.0,120.0,-30.0,6.0,10.0,7.0,13.0,1.0,19.0,-4.0,-1.0,2.0,400.0,-20.0,80.0,0.0,-2.0,80.0,-75.0,200.0,-3.0,40.0,180.0,18.0,1.0,18.0,9.0,28.0,4.0,27.0,0.0,-95.0,125.0
2020-01-16,2020,1,16,20.0,30.0,0.0,-200.0,530.0,40.0,21.0,23.0,150.0,-30.0,20.0,-10.0,0.0,-90.0,0.0,9.0,-1.0,-11.0,0.0,-1.0,-9.0,-200.0,-60.0,50.0,6.0,5.0,20.0,-75.0,300.0,4.0,1.0,-20.0,16.0,5.0,15.0,4.0,25.0,0.0,3.0,8.0,-120.0,-95.0
2020-01-15,2020,1,15,-60.0,-110.0,-10.0,10.0,-80.0,10.0,0.0,-1.0,650.0,310.0,-110.0,25.0,-12.0,30.0,-10.0,-1.0,-4.0,0.0,9.0,-3.0,5.0,0.0,-30.0,-100.0,4.0,-6.0,-60.0,-15.0,-200.0,7.0,-5.0,-50.0,-8.0,7.0,-10.0,-14.0,-11.0,-4.0,-11.0,9.0,-45.0,-120.0
2020-01-14,2020,1,14,-20.0,150.0,40.0,50.0,90.0,10.0,-5.0,50.0,200.0,-20.0,180.0,-40.0,7.0,50.0,5.0,6.0,2.0,11.0,0.0,-4.0,5.0,0.0,210.0,-90.0,1.0,2.0,50.0,-85.0,250.0,-2.0,3.0,0.0,14.0,5.0,16.0,35.0,41.0,-2.0,29.0,12.0,25.0,-45.0
2020-01-10,2020,1,10,100.0,130.0,20.0,0.0,-60.0,-10.0,32.0,17.0,-350.0,510.0,140.0,-40.0,6.0,280.0,5.0,2.0,-3.0,-2.0,-3.0,-2.0,26.0,-50.0,-270.0,-30.0,-9.0,-1.0,40.0,-130.0,300.0,10.0,0.0,-170.0,22.0,7.0,17.0,13.0,6.0,4.0,25.0,16.0,-35.0,25.0
2020-01-09,2020,1,9,250.0,540.0,80.0,30.0,10.0,-10.0,8.0,30.0,-50.0,-180.0,570.0,-160.0,28.0,-220.0,29.0,9.0,30.0,31.0,-20.0,-6.0,-22.0,350.0,130.0,220.0,-7.0,-22.0,230.0,-430.0,750.0,6.0,0.0,410.0,56.0,-11.0,46.0,56.0,18.0,16.0,71.0,7.0,250.0,-35.0
2020-01-08,2020,1,8,-190.0,-370.0,-75.0,40.0,0.0,-40.0,-5.0,-37.0,350.0,-170.0,-410.0,100.0,-25.0,110.0,-24.0,-27.0,-17.0,-27.0,4.0,7.0,11.0,-450.0,-210.0,-310.0,-3.0,5.0,-210.0,280.0,-350.0,1.0,13.0,-380.0,-24.0,2.0,-17.0,-31.0,-19.0,-20.0,-21.0,-5.0,-15.0,250.0
2020-01-07,2020,1,7,250.0,150.0,35.0,40.0,0.0,0.0,30.0,42.0,-200.0,-360.0,390.0,-115.0,9.0,-210.0,26.0,0.0,28.0,26.0,-8.0,-5.0,-21.0,300.0,-150.0,250.0,-8.0,3.0,100.0,-200.0,450.0,-4.0,6.0,290.0,27.0,5.0,25.0,15.0,7.0,10.0,32.0,9.0,0.0,-15.0
2020-01-06,2020,1,6,-220.0,-510.0,-60.0,-80.0,-90.0,15.0,-88.0,-52.0,450.0,10.0,-540.0,150.0,-23.0,-150.0,-24.0,1.0,-25.0,-31.0,21.0,22.0,-12.0,-550.0,130.0,-280.0,7.0,1.0,-200.0,90.0,-500.0,-5.0,3.0,-340.0,-35.0,-7.0,-40.0,-35.0,-10.0,-20.0,-38.0,4.0,-105.0,0.0
2019-12-30,2019,12,30,-70.0,-170.0,-5.0,10.0,130.0,25.0,-18.0,7.0,700.0,160.0,-200.0,50.0,-14.0,80.0,-12.0,-6.0,-8.0,-12.0,-3.0,-7.0,5.0,-150.0,70.0,-130.0,-9.0,-8.0,-160.0,100.0,-250.0,0.0,-24.0,-160.0,-11.0,-3.0,-6.0,1.0,2.0,-4.0,-18.0,-7.0,-15.0,-105.0
2019-12-27,2019,12,27,50.0,-10.0,35.0,-20.0,-130.0,-5.0,41.0,10.0,-500.0,-110.0,0.0,0.0,8.0,70.0,5.0,5.0,6.0,6.0,6.0,6.0,7.0,200.0,-70.0,170.0,15.0,9.0,90.0,10.0,300.0,-9.0,0.0,120.0,13.0,1.0,13.0,16.0,6.0,6.0,7.0,-21.0,45.0,-15.0
2019-12-26,2019,12,26,60.0,120.0,15.0,90.0,150.0,5.0,44.0,17.0,550.0,-230.0,110.0,-30.0,7.0,-50.0,11.0,8.0,4.0,10.0,-2.0,4.0,-5.0,50.0,0.0,100.0,-5.0,-2.0,70.0,-20.0,150.0,3.0,13.0,110.0,10.0,6.0,6.0,12.0,-8.0,8.0,14.0,-20.0,40.0,45.0
2019-12-25,2019,12,25,-80.0,-50.0,-5.0,-30.0,-60.0,15.0,8.0,3.0,-250.0,-690.0,-20.0,10.0,-5.0,-60.0,-9.0,18.0,-3.0,-2.0,4.0,-2.0,-1.0,-100.0,-20.0,-110.0,6.0,6.0,-30.0,-50.0,-100.0,15.0,-6.0,-130.0,-2.0,0.0,2.0,-5.0,13.0,5.0,-2.0,0.0,-60.0,40.0
2019-12-24,2019,12,24,-40.0,20.0,0.0,200.0,420.0,35.0,1.0,10.0,350.0,20.0,0.0,-10.0,0.0,40.0,2.0,10.0,-7.0,-10.0,-1.0,11.0,-1.0,-50.0,40.0,-50.0,3.0,4.0,-20.0,20.0,0.0,-1.0,2.0,-90.0,-1.0,2.0,-3.0,3.0,-11.0,8.0,10.0,-14.0,20.0,-60.0
2019-12-23,2019,12,23,-40.0,0.0,5.0,40.0,-150.0,25.0,11.0,-10.0,-150.0,40.0,10.0,5.0,-4.0,-40.0,-4.0,6.0,-5.0,-11.0,1.0,-5.0,-3.0,-150.0,10.0,-40.0,8.0,2.0,-20.0,0.0,100.0,9.0,24.0,-140.0,14.0,3.0,15.0,5.0,16.0,-1.0,5.0,-14.0,-55.0,20.0
2019-12-20,2019,12,20,-40.0,-50.0,5.0,10.0,-530.0,25.0,-18.0,0.0,0.0,-10.0,-50.0,15.0,-3.0,-40.0,-4.0,-3.0,2.0,-4.0,-1.0,0.0,-5.0,-50.0,-110.0,20.0,-5.0,-11.0,-30.0,-60.0,0.0,8.0,10.0,-60.0,7.0,-9.0,-1.0,-2.0,0.0,6.0,5.0,3.0,20.0,-55.0
2019-12-19,2019,12,19,-20.0,-90.0,10.0,40.0,680.0,-40.0,9.0,20.0,-300.0,80.0,-80.0,20.0,-5.0,-70.0,-3.0,6.0,-7.0,-4.0,-4.0,0.0,-11.0,-100.0,60.0,-40.0,-10.0,6.0,-20.0,-30.0,100.0,1.0,-20.0,-50.0,3.0,4.0,5.0,-3.0,16.0,-5.0,-10.0,2.0,5.0,20.0
2019-12-18,2019,12,18,-50.0,-120.0,-20.0,10.0,30.0,5.0,11.0,-55.0,-500.0,40.0,-160.0,35.0,-7.0,40.0,-9.0,0.0,-3.0,-5.0,-5.0,-18.0,7.0,-100.0,-20.0,-80.0,-4.0,4.0,-80.0,70.0,-50.0,-1.0,2.0,-30.0,-7.0,-12.0,-8.0,-1.0,-13.0,-12.0,-7.0,-8.0,-80.0,5.0
2019-12-17,2019,12,17,30.0,90.0,0.0,10.0,-100.0,-15.0,-21.0,25.0,-50.0,140.0,110.0,-25.0,8.0,10.0,10.0,-4.0,11.0,0.0,-4.0,29.0,-1.0,100.0,110.0,100.0,0.0,3.0,20.0,-110.0,150.0,7.0,7.0,50.0,19.0,5.0,11.0,24.0,15.0,11.0,12.0,-27.0,10.0,-80.0
2019-12-16,2019,12,16,20.0,-30.0,-10.0,110.0,330.0,10.0,6.0,20.0,150.0,160.0,-70.0,15.0,-5.0,230.0,-3.0,-16.0,-2.0,-6.0,13.0,0.0,23.0,-100.0,-50.0,-30.0,17.0,3.0,-10.0,-260.0,-50.0,8.0,23.0,-50.0,-8.0,6.0,2.0,4.0,-8.0,-14.0,0.0,-18.0,15.0,10.0
2019-12-13,2019,12,13,250.0,600.0,125.0,-180.0,-250.0,45.0,43.0,109.0,450.0,290.0,660.0,-180.0,31.0,10.0,28.0,-27.0,15.0,35.0,-22.0,19.0,3.0,500.0,-120.0,310.0,-10.0,7.0,240.0,-290.0,750.0,-8.0,-7.0,330.0,51.0,3.0,43.0,44.0,-13.0,-5.0,59.0,3.0,70.0,15.0
2019-12-12,2019,12,12,-40.0,50.0,55.0,-40.0,0.0,15.0,29.0,1.0,450.0,750.0,50.0,-20.0,-1.0,-50.0,-2.0,-3.0,-4.0,1.0,7.0,-15.0,-7.0,-150.0,40.0,0.0,6.0,3.0,0.0,-160.0,0.0,-1.0,5.0,0.0,6.0,-3.0,14.0,28.0,-36.0,2.0,17.0,9.0,65.0,70.0
2019-12-11,2019,12,11,-30.0,-60.0,-10.0,0.0,70.0,-5.0,0.0,0.0,50.0,-310.0,-50.0,15.0,-6.0,-10.0,-7.0,-12.0,-2.0,-2.0,0.0,-4.0,-1.0,-50.0,70.0,-60.0,-4.0,5.0,-10.0,0.0,50.0,6.0,15.0,-90.0,0.0,0.0,-3.0,8.0,-4.0,-7.0,3.0,-2.0,-10.0,65.0
2019-12-10,2019,12,10,20.0,0.0,-10.0,0.0,-10.0,5.0,2.0,5.0,-50.0,60.0,10.0,0.0,-1.0,100.0,-1.0,-6.0,-4.0,-1.0,1.0,9.0,9.0,0.0,20.0,-40.0,4.0,2.0,-20.0,230.0,0.0,-13.0,-54.0,-60.0,-3.0,9.0,-1.0,-4.0,7.0,-1.0,-6.0,24.0,-110.0,-10.0
2019-12-09,2019,12,9,60.0,80.0,-10.0,40.0,160.0,15.0,-13.0,15.0,0.0,270.0,70.0,-25.0,9.0,-30.0,11.0,-6.0,8.0,12.0,-8.0,15.0,-2.0,300.0,110.0,170.0,-1.0,6.0,70.0,-150.0,150.0,-11.0,-14.0,170.0,14.0,-4.0,11.0,6.0,0.0,-1.0,15.0,-9.0,10.0,-110.0
2019-12-06,2019,12,6,10.0,40.0,-10.0,-20.0,-120.0,-85.0,13.0,5.0,0.0,520.0,50.0,-10.0,2.0,120.0,1.0,5.0,-2.0,1.0,-6.0,-25.0,9.0,50.0,40.0,30.0,-6.0,0.0,-20.0,-120.0,100.0,11.0,-3.0,-10.0,6.0,-19.0,2.0,12.0,0.0,3.0,5.0,-14.0,-35.0,10.0
2019-12-05,2019,12,5,80.0,200.0,115.0,70.0,0.0,-80.0,3.0,35.0,250.0,330.0,200.0,-65.0,9.0,-60.0,10.0,-4.0,-37.0,14.0,-5.0,-6.0,-4.0,200.0,-20.0,160.0,2.0,5.0,100.0,-230.0,150.0,6.0,-13.0,230.0,17.0,1.0,19.0,19.0,0.0,-4.0,28.0,31.0,110.0,-35.0
2019-12-04,2019,12,4,-30.0,-240.0,-55.0,30.0,-10.0,80.0,-53.0,-60.0,0.0,80.0,-280.0,80.0,-6.0,-80.0,-4.0,-10.0,40.0,-1.0,19.0,17.0,-8.0,-50.0,70.0,10.0,17.0,-2.0,-60.0,290.0,-450.0,-4.0,23.0,-80.0,-33.0,8.0,-31.0,-28.0,7.0,-6.0,-36.0,37.0,30.0,110.0
2019-12-03,2019,12,3,-90.0,-180.0,-85.0,-10.0,80.0,5.0,0.0,-22.0,-100.0,150.0,-180.0,50.0,-8.0,160.0,-11.0,-18.0,-11.0,-10.0,-4.0,-18.0,18.0,-300.0,-30.0,-130.0,-8.0,-9.0,-90.0,400.0,-500.0,-16.0,-11.0,-150.0,-35.0,-13.0,-24.0,-9.0,-42.0,4.0,-25.0,1.0,-90.0,30.0
2019-12-02,2019,12,2,150.0,230.0,25.0,-40.0,-20.0,-20.0,25.0,0.0,300.0,-220.0,250.0,-75.0,14.0,-90.0,16.0,-14.0,-5.0,21.0,-7.0,23.0,-10.0,250.0,-130.0,210.0,-10.0,-2.0,120.0,-120.0,250.0,7.0,-3.0,140.0,14.0,-6.0,2.0,9.0,-1.0,-1.0,10.0,164.0,50.0,-90.0
2019-11-29,2019,11,29,-70.0,-120.0,10.0,10.0,0.0,20.0,1.0,-8.0,300.0,400.0,-100.0,35.0,-5.0,-50.0,-8.0,-4.0,9.0,-9.0,1.0,4.0,-5.0,0.0,90.0,-70.0,-4.0,-3.0,-30.0,40.0,-50.0,7.0,7.0,-50.0,-2.0,-5.0,9.0,-20.0,7.0,-5.0,-4.0,-113.0,-5.0,50.0
2019-11-28,2019,11,28,-30.0,-50.0,-25.0,30.0,40.0,75.0,-15.0,0.0,100.0,240.0,-50.0,15.0,-5.0,10.0,-3.0,-5.0,-8.0,-6.0,-8.0,-12.0,0.0,-100.0,30.0,-20.0,8.0,6.0,-30.0,110.0,100.0,4.0,8.0,-100.0,6.0,12.0,4.0,2.0,10.0,0.0,-10.0,-25.0,55.0,-5.0
2019-11-27,2019,11,27,0.0,120.0,25.0,30.0,-30.0,-40.0,25.0,2.0,-150.0,330.0,90.0,-30.0,2.0,100.0,7.0,18.0,4.0,6.0,4.0,29.0,6.0,-50.0,80.0,60.0,4.0,4.0,0.0,-90.0,150.0,-7.0,4.0,120.0,12.0,6.0,8.0,-8.0,28.0,-11.0,12.0,-45.0,35.0,55.0
2019-11-26,2019,11,26,100.0,70.0,0.0,-40.0,0.0,40.0,17.0,28.0,100.0,-130.0,80.0,-25.0,7.0,50.0,2.0,13.0,4.0,7.0,4.0,1.0,8.0,200.0,50.0,0.0,6.0,7.0,80.0,-170.0,200.0,-2.0,11.0,-10.0,15.0,2.0,10.0,7.0,11.0,31.0,25.0,-5.0,80.0,35.0
2019-11-25,2019,11,25,50.0,160.0,20.0,-30.0,-60.0,-70.0,12.0,30.0,800.0,230.0,190.0,-50.0,8.0,110.0,12.0,-1.0,8.0,9.0,-2.0,7.0,3.0,350.0,20.0,100.0,9.0,8.0,50.0,-220.0,250.0,-1.0,-1.0,200.0,14.0,3.0,13.0,21.0,2.0,7.0,29.0,-67.0,100.0,80.0
2019-11-22,2019,11,22,60.0,80.0,10.0,0.0,0.0,0.0,0.0,10.0,-600.0,910.0,90.0,-35.0,10.0,-80.0,2.0,-14.0,0.0,6.0,-8.0,3.0,3.0,-100.0,-110.0,130.0,-10.0,-1.0,50.0,-30.0,100.0,-11.0,-29.0,50.0,5.0,-6.0,4.0,10.0,-26.0,7.0,-7.0,5.0,0.0,100.0
2019-11-21,2019,11,21,10.0,-110.0,-50.0,-40.0,10.0,55.0,-24.0,-25.0,-50.0,-720.0,-110.0,40.0,-5.0,-20.0,-4.0,-8.0,6.0,-1.0,6.0,9.0,-4.0,50.0,30.0,-10.0,-1.0,-5.0,0.0,0.0,-200.0,-7.0,15.0,-80.0,-8.0,6.0,-10.0,-20.0,-7.0,-2.0,-10.0,-21.0,40.0,0.0
2019-11-20,2019,11,20,-90.0,-140.0,15.0,30.0,10.0,0.0,29.0,-10.0,250.0,0.0,-170.0,45.0,-5.0,10.0,-4.0,39.0,-62.0,-16.0,6.0,4.0,4.0,-300.0,20.0,-130.0,11.0,-7.0,-80.0,190.0,-100.0,13.0,19.0,-90.0,-8.0,6.0,-5.0,-6.0,3.0,3.0,-5.0,3.0,70.0,40.0
2019-11-19,2019,11,19,0.0,-130.0,-5.0,30.0,150.0,-20.0,8.0,0.0,-100.0,920.0,-130.0,35.0,-3.0,-10.0,-4.0,33.0,58.0,-5.0,3.0,-17.0,2.0,-50.0,180.0,0.0,1.0,-4.0,10.0,-20.0,50.0,-6.0,2.0,20.0,0.0,-1.0,-1.0,-4.0,5.0,4.0,-15.0,-1.0,-155.0,70.0
2019-11-18,2019,11,18,30.0,110.0,10.0,-10.0,-150.0,-145.0,-14.0,15.0,1000.0,-60.0,110.0,-25.0,1.0,100.0,3.0,11.0,7.0,-2.0,4.0,22.0,8.0,-200.0,-150.0,-90.0,6.0,6.0,-10.0,-250.0,150.0,-2.0,-1.0,-90.0,12.0,9.0,8.0,13.0,14.0,9.0,20.0,9.0,-5.0,-155.0
2019-11-15,2019,11,15,10.0,130.0,20.0,110.0,110.0,140.0,10.0,0.0,-400.0,-1000.0,170.0,-60.0,10.0,-130.0,14.0,31.0,-89.0,11.0,4.0,18.0,-12.0,250.0,-120.0,100.0,11.0,0.0,80.0,-160.0,150.0,18.0,14.0,160.0,10.0,1.0,11.0,12.0,23.0,7.0,11.0,4.0,40.0,-5.0
2019-11-14,2019,11,14,-40.0,-150.0,-20.0,10.0,60.0,-30.0,-14.0,-10.0,100.0,-160.0,-190.0,55.0,-14.0,-100.0,-16.0,11.0,33.0,-23.0,8.0,-22.0,-5.0,-350.0,130.0,-180.0,3.0,-4.0,-110.0,-80.0,-50.0,1.0,-11.0,-280.0,1.0,2.0,-5.0,-13.0,23.0,-4.0,-24.0,15.0,-40.0,40.0
2019-11-13,2019,11,13,-110.0,-190.0,-10.0,-20.0,-80.0,-30.0,-20.0,-9.0,400.0,-640.0,-230.0,60.0,-10.0,50.0,-10.0,-19.0,45.0,-13.0,2.0,2.0,2.0,-400.0,70.0,-130.0,2.0,-1.0,-70.0,60.0,-100.0,2.0,1.0,-180.0,-8.0,0.0,-4.0,-20.0,-38.0,-6.0,-8.0,-16.0,-85.0,-40.0
2019-11-12,2019,11,12,70.0,170.0,20.0,0.0,90.0,15.0,0.0,14.0,150.0,-840.0,210.0,-60.0,5.0,10.0,6.0,-40.0,-4.0,10.0,-5.0,8.0,6.0,350.0,-20.0,110.0,-6.0,0.0,40.0,-190.0,200.0,-3.0,17.0,110.0,11.0,-6.0,4.0,11.0,-4.0,-1.0,14.0,-11.0,30.0,-85.0
2019-11-11,2019,11,11,0.0,-20.0,-10.0,40.0,120.0,75.0,36.0,0.0,-150.0,530.0,-40.0,15.0,4.0,30.0,1.0,-10.0,12.0,1.0,4.0,28.0,-1.0,0.0,30.0,50.0,2.0,2.0,0.0,-110.0,-50.0,2.0,-1.0,10.0,-6.0,0.0,0.0,-36.0,-6.0,5.0,-11.0,-6.0,-165.0,30.0
2019-11-08,2019,11,8,20.0,70.0,20.0,30.0,-30.0,-10.0,-31.0,-15.0,-350.0,-690.0,70.0,-15.0,3.0,40.0,4.0,-56.0,1.0,10.0,-19.0,5.0,6.0,150.0,-80.0,110.0,-11.0,0.0,20.0,70.0,250.0,3.0,4.0,140.0,18.0,-3.0,13.0,20.0,-20.0,-9.0,20.0,6.0,100.0,-165.0
2019-11-07,2019,11,7,50.0,10.0,-20.0,30.0,40.0,40.0,7.0,-5.0,-600.0,90.0,0.0,-5.0,4.0,-10.0,4.0,-20.0,3.0,5.0,5.0,0.0,-7.0,100.0,240.0,50.0,3.0,-4.0,40.0,-140.0,-100.0,3.0,-26.0,-10.0,-4.0,-7.0,-1.0,-13.0,-12.0,-2.0,-16.0,20.0,105.0,100.0
2019-11-06,2019,11,6,-30.0,20.0,0.0,20.0,-10.0,-150.0,28.0,0.0,350.0,-310.0,20.0,-10.0,1.0,260.0,1.0,-22.0,-6.0,1.0,-6.0,0.0,26.0,100.0,-30.0,0.0,-11.0,-4.0,-20.0,210.0,-50.0,2.0,2.0,100.0,-4.0,10.0,-6.0,4.0,-29.0,-5.0,4.0,7.0,70.0,105.0
2019-11-05,2019,11,5,220.0,420.0,80.0,30.0,50.0,150.0,10.0,65.0,-700.0,-710.0,460.0,-140.0,26.0,-30.0,28.0,-3.0,28.0,35.0,-17.0,7.0,1.0,700.0,10.0,350.0,-7.0,12.0,260.0,-170.0,600.0,-4.0,7.0,360.0,46.0,-3.0,39.0,50.0,-1.0,5.0,75.0,-5.0,55.0,70.0
2019-11-01,2019,11,1,40.0,-90.0,-40.0,-30.0,130.0,-30.0,-1.0,-60.0,-50.0,1120.0,-70.0,20.0,0.0,30.0,-2.0,14.0,-2.0,1.0,13.0,2.0,4.0,-200.0,0.0,-10.0,6.0,-6.0,-50.0,0.0,-150.0,-2.0,16.0,-90.0,-15.0,-1.0,-14.0,-9.0,-9.0,-2.0,-10.0,18.0,-75.0,55.0
2019-10-31,2019,10,31,20.0,90.0,0.0,60.0,220.0,85.0,20.0,30.0,750.0,-820.0,90.0,-30.0,3.0,30.0,1.0,3.0,-3.0,3.0,0.0,1.0,7.0,0.0,90.0,30.0,-1.0,-7.0,20.0,-240.0,100.0,-3.0,-28.0,30.0,5.0,7.0,8.0,11.0,8.0,6.0,5.0,7.0,-495.0,-75.0
2019-10-30,2019,10,30,30.0,-110.0,30.0,90.0,210.0,35.0,-45.0,-10.0,-800.0,-430.0,-130.0,45.0,3.0,110.0,5.0,-4.0,8.0,-4.0,13.0,-20.0,10.0,-100.0,-10.0,-40.0,10.0,1.0,0.0,-20.0,-150.0,-2.0,0.0,-30.0,-4.0,-6.0,-6.0,-15.0,8.0,-6.0,-14.0,-17.0,-125.0,-495.0
2019-10-29,2019,10,29,120.0,90.0,0.0,120.0,0.0,10.0,21.0,10.0,0.0,620.0,90.0,-35.0,14.0,30.0,12.0,9.0,9.0,24.0,-10.0,-11.0,-1.0,300.0,80.0,140.0,-7.0,0.0,80.0,120.0,250.0,5.0,0.0,280.0,15.0,-3.0,15.0,10.0,-12.0,1.0,17.0,-23.0,40.0,-125.0
2019-10-28,2019,10,28,0.0,80.0,10.0,200.0,-150.0,-60.0,25.0,1.0,-50.0,100.0,70.0,-20.0,0.0,0.0,0.0,-7.0,-1.0,5.0,-11.0,8.0,3.0,200.0,50.0,20.0,-7.0,4.0,30.0,-250.0,200.0,5.0,-10.0,90.0,14.0,-8.0,14.0,15.0,-21.0,4.0,27.0,53.0,25.0,40.0
2019-10-25,2019,10,25,40.0,30.0,0.0,-70.0,70.0,70.0,10.0,27.0,550.0,1000.0,40.0,-10.0,3.0,70.0,6.0,-2.0,2.0,-4.0,1.0,7.0,4.0,-150.0,140.0,-40.0,9.0,-1.0,10.0,-50.0,50.0,14.0,0.0,-50.0,3.0,0.0,3.0,3.0,4.0,0.0,19.0,-5.0,85.0,25.0
2019-10-24,2019,10,24,90.0,110.0,10.0,-60.0,90.0,10.0,-10.0,23.0,100.0,-330.0,130.0,-40.0,6.0,80.0,4.0,-10.0,-1.0,15.0,-1.0,-20.0,9.0,300.0,130.0,130.0,0.0,7.0,60.0,-170.0,200.0,9.0,0.0,160.0,17.0,7.0,13.0,12.0,16.0,7.0,11.0,24.0,-50.0,85.0
2019-10-23,2019,10,23,50.0,110.0,-10.0,50.0,-20.0,10.0,-10.0,9.0,550.0,-1210.0,100.0,-30.0,11.0,70.0,11.0,3.0,15.0,7.0,-1.0,1.0,7.0,200.0,-30.0,180.0,-6.0,-3.0,60.0,20.0,-50.0,-8.0,29.0,150.0,-3.0,0.0,-4.0,1.0,8.0,10.0,7.0,1.0,-5.0,-50.0
2019-10-21,2019,10,21,70.0,60.0,40.0,90.0,-330.0,20.0,33.0,-10.0,400.0,-130.0,60.0,-25.0,7.0,-40.0,6.0,22.0,10.0,12.0,-2.0,0.0,-8.0,200.0,20.0,120.0,2.0,0.0,90.0,-150.0,50.0,-6.0,0.0,140.0,-1.0,-6.0,1.0,4.0,14.0,6.0,-12.0,7.0,-70.0,-5.0
2019-10-18,2019,10,18,-40.0,20.0,-5.0,10.0,-140.0,0.0,1.0,20.0,560.0,-410.0,40.0,-15.0,-2.0,-40.0,-2.0,-7.0,-9.0,-4.0,-2.0,2.0,-5.0,-50.0,60.0,-10.0,4.0,1.0,-40.0,-10.0,0.0,15.0,-16.0,-30.0,1.0,1.0,3.0,1.0,-4.0,0.0,10.0,-4.0,55.0,-70.0
2019-10-17,2019,10,17,-30.0,30.0,10.0,-260.0,80.0,15.0,-28.0,10.0,-500.0,1210.0,0.0,0.0,-7.0,90.0,-5.0,-5.0,-9.0,-7.0,4.0,15.0,8.0,0.0,190.0,-20.0,1.0,0.0,-30.0,-190.0,50.0,4.0,-32.0,-80.0,1.0,4.0,2.0,13.0,8.0,-2.0,-13.0,-4.0,-25.0,55.0
2019-10-16,2019,10,16,90.0,230.0,55.0,-80.0,50.0,-40.0,5.0,0.0,-50.0,-300.0,250.0,-95.0,10.0,210.0,4.0,20.0,9.0,5.0,-8.0,-13.0,24.0,100.0,60.0,70.0,-8.0,11.0,100.0,-400.0,150.0,-7.0,-58.0,120.0,15.0,-3.0,19.0,3.0,11.0,-6.0,23.0,-2.0,55.0,-25.0
2019-10-15,2019,10,15,210.0,440.0,110.0,10.0,0.0,75.0,9.0,78.0,400.0,-1170.0,440.0,-155.0,26.0,170.0,31.0,0.0,27.0,34.0,-6.0,15.0,12.0,400.0,-110.0,340.0,8.0,7.0,180.0,-250.0,400.0,-5.0,12.0,370.0,24.0,-3.0,26.0,21.0,11.0,6.0,52.0,33.0,45.0,55.0
2019-10-11,2019,10,11,140.0,260.0,50.0,80.0,-100.0,-70.0,0.0,37.0,640.0,-370.0,220.0,-100.0,15.0,20.0,14.0,-5.0,11.0,27.0,-17.0,11.0,-1.0,450.0,10.0,170.0,-18.0,0.0,180.0,-410.0,550.0,0.0,23.0,380.0,40.0,-6.0,30.0,25.0,10.0,-12.0,28.0,-5.0,10.0,45.0
2019-10-10,2019,10,10,-20.0,90.0,15.0,0.0,-40.0,-100.0,-10.0,-5.0,-770.0,-60.0,100.0,-30.0,-1.0,-90.0,0.0,-18.0,-22.0,3.0,-18.0,15.0,-4.0,150.0,180.0,-50.0,-16.0,-24.0,20.0,-70.0,300.0,-4.0,-13.0,-130.0,18.0,-6.0,11.0,25.0,3.0,-12.0,7.0,13.0,-35.0,10.0
2019-10-09,2019,10,9,-20.0,-190.0,-35.0,-60.0,30.0,150.0,-9.0,-14.0,-220.0,-210.0,-150.0,60.0,-7.0,140.0,-6.0,18.0,18.0,-9.0,8.0,16.0,13.0,-250.0,20.0,10.0,3.0,-10.0,-70.0,540.0,-650.0,0.0,10.0,30.0,-41.0,1.0,-28.0,-24.0,-16.0,-7.0,-45.0,26.0,-70.0,-35.0
2019-10-08,2019,10,8,80.0,260.0,80.0,-50.0,20.0,10.0,29.0,6.0,-310.0,-20.0,230.0,-100.0,19.0,-10.0,16.0,17.0,12.0,15.0,-10.0,3.0,-1.0,300.0,100.0,80.0,-14.0,5.0,100.0,-70.0,250.0,-9.0,-8.0,150.0,20.0,6.0,13.0,15.0,13.0,7.0,30.0,-2.0,-60.0,-70.0
2019-10-07,2019,10,7,80.0,-80.0,0.0,-10.0,30.0,-105.0,20.0,16.0,200.0,230.0,-30.0,20.0,-5.0,50.0,-1.0,12.0,4.0,-5.0,2.0,0.0,5.0,-100.0,-330.0,-1190.0,6.0,1.0,0.0,-320.0,350.0,-9.0,0.0,-30.0,20.0,0.0,22.0,3.0,13.0,-3.0,5.0,11.0,50.0,-60.0
2019-10-04,2019,10,4,20.0,80.0,10.0,0.0,-30.0,-50.0,0.0,-8.0,450.0,-210.0,60.0,-35.0,7.0,-250.0,6.0,21.0,6.0,5.0,9.0,23.0,-27.0,-650.0,-20.0,950.0,10.0,4.0,50.0,-250.0,100.0,-9.0,0.0,-440.0,12.0,2.0,1.0,12.0,8.0,10.0,13.0,8.0,45.0,50.0
2019-10-03,2019,10,3,-320.0,-420.0,-100.0,-40.0,10.0,55.0,-70.0,-80.0,300.0,300.0,-450.0,175.0,-30.0,-90.0,-31.0,13.0,-29.0,-35.0,12.0,13.0,-5.0,-650.0,190.0,-370.0,-1.0,-15.0,-220.0,480.0,-800.0,11.0,3.0,-290.0,-56.0,-1.0,-48.0,-22.0,-20.0,-11.0,-36.0,3.0,-90.0,45.0
2019-10-02,2019,10,2,70.0,-130.0,-75.0,80.0,130.0,-20.0,-12.0,-10.0,-410.0,-40.0,-120.0,35.0,-6.0,160.0,-6.0,2.0,2.0,-5.0,10.0,1.0,14.0,-50.0,50.0,-40.0,5.0,-6.0,-50.0,420.0,-550.0,-1.0,9.0,-150.0,-42.0,3.0,-32.0,-25.0,-21.0,1.0,-40.0,-40.0,-130.0,-90.0
